trackField,country,sequence,countryCode,trackOrder,time,longitude,latitude
FR01,France,1,1,11,10:16:00,5.24421896,47.59439319
HU02,Hungary,1,2,12,10:16:00,21.88328404,46.17855444
IT03,Italy,1,3,13,10:16:00,15.3441962,40.48679988
ES04,Spain,1,4,14,10:16:00,-0.8034361,38.92648274
IE05,Ireland,1,5,15,10:16:00,-3.43140253,52.17831996
GR06,Greece,1,6,16,10:16:00,26.60955544,36.48502948
DE07,Germany,1,7,17,10:16:00,16.31534786,51.33676468
FR01,France,2,1,21,10:16:00,5.11783087,47.4746418
HU02,Hungary,2,2,22,10:16:00,21.75689595,46.05560307
IT03,Italy,2,3,23,10:16:00,15.21780812,40.35176366
ES04,Spain,2,4,24,10:16:00,-0.92982419,38.78836213
IE05,Ireland,2,5,25,10:16:00,-3.55779062,52.06942182
GR06,Greece,2,6,26,10:16:00,26.48316735,36.34228964
DE07,Germany,2,7,27,10:16:00,16.18895977,51.22581949
FR01,France,3,1,31,10:16:00,4.98066016,47.36017216
HU02,Hungary,3,2,32,10:16:00,21.61972524,45.93808063
IT03,Italy,3,3,33,10:16:00,15.08063741,40.22271828
ES04,Spain,3,4,34,10:16:00,-1.0669949,38.6563776
IE05,Ireland,3,5,35,10:16:00,-3.69496133,51.96531045
GR06,Greece,3,6,36,10:16:00,26.34599664,36.20590505
DE07,Germany,3,7,37,10:16:00,16.05178906,51.11975398
FR01,France,4,1,41,10:16:00,4.83323752,47.25146465
HU02,Hungary,4,2,42,10:16:00,21.4723026,45.82647945
IT03,Italy,4,3,43,10:16:00,14.93321476,40.10020039
ES04,Spain,4,4,44,10:16:00,-1.21441754,38.53107683
IE05,Ireland,4,5,45,10:16:00,-3.84238397,51.86642501
GR06,Greece,4,6,46,10:16:00,26.198574,36.07643968
DE07,Germany,4,7,47,10:16:00,15.90436642,51.01901515
FR01,France,5,1,51,10:16:00,4.67613329,47.14897806
HU02,Hungary,5,2,52,10:16:00,21.31519837,45.72126967
IT03,Italy,5,3,53,10:16:00,14.77611054,39.98472202
ES04,Spain,5,4,54,10:16:00,-1.37152177,38.41298228
IE05,Ireland,5,5,55,10:16:00,-3.99948819,51.77318518
GR06,Greece,5,6,56,10:16:00,26.04146978,35.95443133
DE07,Germany,5,7,57,10:16:00,15.7472622,50.92403012
FR01,France,6,1,61,10:16:00,4.50995528,47.05314723
HU02,Hungary,6,2,62,10:16:00,21.14902037,45.62289681
IT03,Italy,6,3,63,10:16:00,14.60993253,39.87676801
ES04,Spain,6,4,64,10:16:00,-1.53769977,38.30258853
IE05,Ireland,6,5,65,10:16:00,-4.1656662,51.68598897
GR06,Greece,6,6,66,10:16:00,25.87529177,35.84038891
DE07,Germany,6,7,67,10:16:00,15.58108419,50.83520393
FR01,France,7,1,71,10:16:00,4.33534641,46.96438081
HU02,Hungary,7,2,72,10:16:00,20.97441149,45.53177945
IT03,Italy,7,3,73,10:16:00,14.43532366,39.77679358
ES04,Spain,7,4,74,10:16:00,-1.71230864,38.20035983
IE05,Ireland,7,5,75,10:16:00,-4.34027507,51.6052106
GR06,Greece,7,6,76,10:16:00,25.7006829,35.73478998
DE07,Germany,7,7,77,10:16:00,15.40647532,50.75291735
FR01,France,8,1,81,10:16:00,4.1529822,46.88305903
HU02,Hungary,8,2,82,10:16:00,20.79204728,45.44830705
IT03,Italy,8,3,83,10:16:00,14.25295945,39.68522193
ES04,Spain,8,4,84,10:16:00,-1.89467285,38.10672776
IE05,Ireland,8,5,85,10:16:00,-4.52263928,51.53119842
GR06,Greece,8,6,86,10:16:00,25.51831869,35.63807831
DE07,Germany,8,7,87,10:16:00,15.22411111,50.67752483
FR01,France,9,1,91,10:16:00,3.96356818,46.80953171
HU02,Hungary,9,2,92,10:16:00,20.60263326,45.37283783
IT03,Italy,9,3,93,10:16:00,14.06354543,39.60244212
ES04,Spain,9,4,94,10:16:00,-2.08408688,38.02208893
IE05,Ireland,9,5,95,10:16:00,-4.7120533,51.4642731
GR06,Greece,9,6,96,10:16:00,25.32890467,35.55066163
DE07,Germany,9,7,97,10:16:00,15.03469709,50.60935258
FR01,France,10,1,101,10:16:00,3.76783716,46.74411633
HU02,Hungary,10,2,102,10:16:00,20.40690224,45.30569685
IT03,Italy,10,3,103,10:16:00,13.8678144,39.52880699
ES04,Spain,10,4,104,10:16:00,-2.2798179,37.946803
IE05,Ireland,10,5,105,10:16:00,-4.90778433,51.40472573
GR06,Greece,10,6,106,10:16:00,25.13317364,35.47290958
DE07,Germany,10,7,107,10:16:00,14.83896606,50.54869678
FR01,France,11,1,111,10:16:00,3.56654638,46.68709629
HU02,Hungary,11,2,112,10:16:00,20.20561146,45.24717426
IT03,Italy,11,3,113,10:16:00,13.66652362,39.46463129
ES04,Spain,11,4,114,10:16:00,-2.48110868,37.88119079
IE05,Ireland,11,5,115,10:16:00,-5.10907511,51.3528163
GR06,Greece,11,6,116,10:16:00,24.93188286,35.40515178
DE07,Germany,11,7,117,10:16:00,14.63767528,50.49582185
FR01,France,12,1,121,10:16:00,3.36047459,46.63871933
HU02,Hungary,12,2,122,10:16:00,19.99953968,45.19752368
IT03,Italy,12,3,123,10:16:00,13.46045184,39.41019006
ES04,Spain,12,4,124,10:16:00,-2.68718046,37.82553254
IE05,Ireland,12,5,125,10:16:00,-5.31514689,51.30877214
GR06,Greece,12,6,126,10:16:00,24.72581108,35.34767611
DE07,Germany,12,7,127,10:16:00,14.4316035,50.45095905
FR01,France,13,1,131,10:16:00,3.15041906,46.59919619
HU02,Hungary,13,2,132,10:16:00,19.78948414,45.15696081
IT03,Italy,13,3,133,10:16:00,13.25039631,39.36571709
ES04,Spain,13,4,134,10:16:00,-2.89723599,37.78006649
IE05,Ireland,13,5,135,10:16:00,-5.52520242,51.27278667
GR06,Greece,13,6,136,10:16:00,24.51575555,35.30072728
DE07,Germany,13,7,137,10:16:00,14.22154797,50.41430511
FR01,France,14,1,141,10:16:00,2.93719244,46.5686994
HU02,Hungary,14,2,142,10:16:00,19.57625752,45.12566222
IT03,Italy,14,3,143,10:16:00,13.03716969,39.33140372
ES04,Spain,14,4,144,10:16:00,-3.11046261,37.74498759
IE05,Ireland,14,5,145,10:16:00,-5.73842904,51.24501828
GR06,Greece,14,6,146,10:16:00,24.30252893,35.26450547
DE07,Germany,14,7,147,10:16:00,14.00832135,50.38602114
FR01,France,15,1,151,10:16:00,2.72161967,46.54736228
HU02,Hungary,15,2,152,10:16:00,19.36068475,45.10376438
IT03,Italy,15,3,153,10:16:00,12.82159692,39.3073978
ES04,Spain,15,4,154,10:16:00,-3.32603538,37.72044644
IE05,Ireland,15,5,155,10:16:00,-5.95400181,51.22558941
GR06,Greece,15,6,156,10:16:00,24.08695616,35.23916532
DE07,Germany,15,7,157,10:16:00,13.79274858,50.36623165
FR01,France,16,1,161,10:16:00,2.50453475,46.53527825
HU02,Hungary,16,2,162,10:16:00,19.14359984,45.09136288
IT03,Italy,16,3,163,10:16:00,12.604512,39.29380286
ES04,Spain,16,4,164,10:16:00,-3.5431203,37.70654851
IE05,Ireland,16,5,165,10:16:00,-6.17108673,51.21458584
GR06,Greece,16,6,166,10:16:00,23.86987124,35.22481513
DE07,Germany,16,7,167,10:16:00,13.57566366,50.35502389
FR01,France,17,1,171,10:16:00,2.28677755,46.53250025
HU02,Hungary,17,2,172,10:16:00,18.92584263,45.08851191
IT03,Italy,17,3,173,10:16:00,12.3867548,39.29067757
ES04,Spain,17,4,174,10:16:00,-3.7608775,37.70335359
IE05,Ireland,17,5,175,10:16:00,-6.38884393,51.21205621
GR06,Greece,17,6,176,10:16:00,23.65211404,35.22151625
DE07,Germany,17,7,177,10:16:00,13.35790646,50.35244732
FR01,France,18,1,181,10:16:00,2.06919052,46.53904046
HU02,Hungary,18,2,182,10:16:00,18.7082556,45.09522392
IT03,Italy,18,3,183,10:16:00,12.16916777,39.29803542
ES04,Spain,18,4,184,10:16:00,-3.97846453,37.7108754
IE05,Ireland,18,5,185,10:16:00,-6.60643096,51.21801168
GR06,Greece,18,6,186,10:16:00,23.43452701,35.2292828
DE07,Germany,18,7,187,10:16:00,13.14031943,50.3585133
FR01,France,19,1,191,10:16:00,1.85261547,46.5548702
HU02,Hungary,19,2,192,10:16:00,18.49168055,45.11146958
IT03,Italy,19,3,193,10:16:00,11.95259272,39.31584466
ES04,Spain,19,4,194,10:16:00,-4.19503958,37.72908159
IE05,Ireland,19,5,195,10:16:00,-6.82300601,51.23242594
GR06,Greece,19,6,196,10:16:00,23.21795196,35.24808156
DE07,Germany,19,7,197,10:16:00,12.92374438,50.37319506
FR01,France,20,1,201,10:16:00,1.63789028,46.57992016
HU02,Hungary,20,2,202,10:16:00,18.27695537,45.13717793
IT03,Italy,20,3,203,10:16:00,11.73786753,39.34402844
ES04,Spain,20,4,204,10:16:00,-4.40976477,37.75789389
IE05,Ireland,20,5,205,10:16:00,-7.0377312,51.2552353
GR06,Greece,20,6,206,10:16:00,23.00322677,35.27783216
DE07,Germany,20,7,207,10:16:00,12.70901919,50.39642784
FR01,France,21,1,211,10:16:00,1.42584569,46.61408071
HU02,Hungary,21,2,212,10:16:00,18.06491077,45.17223681
IT03,Italy,21,3,213,10:16:00,11.52582294,39.38246524
ES04,Spain,21,4,214,10:16:00,-4.62180936,37.79718852
IE05,Ireland,21,5,215,10:16:00,-7.24977579,51.28633912
GR06,Greece,21,6,216,10:16:00,22.79118218,35.31840751
DE07,Germany,21,7,217,10:16:00,12.4969746,50.42810927
FR01,France,22,1,221,10:16:00,1.21730205,46.6572026
HU02,Hungary,22,2,222,10:16:00,17.85636713,45.21649343
IT03,Italy,22,3,223,10:16:00,11.3172793,39.43098956
ES04,Spain,22,4,224,10:16:00,-4.830353,37.84679683
IE05,Ireland,22,5,225,10:16:00,-7.45831943,51.32560032
GR06,Greece,22,6,226,10:16:00,22.58263854,35.36963446
DE07,Germany,22,7,227,10:16:00,12.28843096,50.46809995
FR01,France,23,1,231,10:16:00,1.01306618,46.70909773
HU02,Hungary,23,2,232,10:16:00,17.65213126,45.26975529
IT03,Italy,23,3,233,10:16:00,11.11304343,39.48939276
ES04,Spain,23,4,234,10:16:00,-5.03458888,37.90650628
IE05,Ireland,23,5,235,10:16:00,-7.6625553,51.37284627
GR06,Greece,23,6,236,10:16:00,22.37840266,35.43129471
DE07,Germany,23,7,237,10:16:00,12.08419508,50.51622428
FR01,France,24,1,241,10:16:00,0.81392822,46.76954028
HU02,Hungary,24,2,242,10:16:00,17.4529933,45.33179122
IT03,Italy,24,3,243,10:16:00,10.91390547,39.55742423
ES04,Spain,24,4,244,10:16:00,-5.23372683,37.97606148
IE05,Ireland,24,5,245,10:16:00,-7.86169326,51.42786968
GR06,Greece,24,6,246,10:16:00,22.17926471,35.50312594
DE07,Germany,24,7,247,10:16:00,11.88505713,50.57227142
FR01,France,25,1,251,10:16:00,0.62065861,46.83826791
HU02,Hungary,25,2,252,10:16:00,17.25972369,45.40233267
IT03,Italy,25,3,253,10:16:00,10.72063586,39.63479271
ES04,Spain,25,4,254,10:16:00,-5.42699644,38.05516562
IE05,Ireland,25,5,255,10:16:00,-8.05496287,51.49042987
GR06,Greece,25,6,256,10:16:00,21.9859951,35.58482323
DE07,Germany,25,7,257,10:16:00,11.69178752,50.63599655
FR01,France,26,1,261,10:16:00,0.43400506,46.91498326
HU02,Hungary,26,2,262,10:16:00,17.07307014,45.48107519
IT03,Italy,26,3,263,10:16:00,10.53398231,39.72116785
ES04,Spain,26,4,264,10:16:00,-5.61364999,38.14348199
IE05,Ireland,26,5,265,10:16:00,-8.24161642,51.56025412
GR06,Greece,26,6,266,10:16:00,21.79934155,35.67604058
DE07,Germany,26,7,267,10:16:00,11.50513397,50.70712224
FR01,France,27,1,271,10:16:00,0.25468971,46.99935558
HU02,Hungary,27,2,272,10:16:00,16.89375479,45.56768009
IT03,Italy,27,3,273,10:16:00,10.35466696,39.81618194
ES04,Spain,27,4,274,10:16:00,-5.79296535,38.24063575
IE05,Ireland,27,5,275,10:16:00,-8.42093178,51.63703917
GR06,Greece,27,6,276,10:16:00,21.62002619,35.77639272
DE07,Germany,27,7,277,10:16:00,11.32581861,50.78533998
FR01,France,28,1,281,10:16:00,0.08340628,47.09102254
HU02,Hungary,28,2,282,10:16:00,16.72247136,45.66177631
IT03,Italy,28,3,283,10:16:00,10.18338353,39.9194319
ES04,Spain,28,4,284,10:16:00,-5.96424877,38.34621592
IE05,Ireland,28,5,285,10:16:00,-8.5922152,51.72045296
GR06,Greece,28,6,286,10:16:00,21.44874277,35.88545711
DE07,Germany,28,7,287,10:16:00,11.15453519,50.87031192
FR01,France,29,1,291,10:16:00,-0.07918256,47.18959215
HU02,Hungary,29,2,292,10:16:00,16.55988253,45.76296236
IT03,Italy,29,3,293,10:16:00,10.02079469,40.0304813
ES04,Spain,29,4,294,10:16:00,-6.12683761,38.45977746
IE05,Ireland,29,5,295,10:16:00,-8.75480404,51.81013644
GR06,Greece,29,6,296,10:16:00,21.28615393,36.00277605
DE07,Germany,29,7,297,10:16:00,10.99194635,50.96167274
FR01,France,30,1,301,10:16:00,-0.23244778,47.29464495
HU02,Hungary,30,2,302,10:16:00,16.4066173,45.87080852
IT03,Italy,30,3,303,10:16:00,9.86752947,40.14886268
ES04,Spain,30,4,304,10:16:00,-6.28010283,38.58084356
IE05,Ireland,30,5,305,10:16:00,-8.90806926,51.90570555
GR06,Greece,30,6,306,10:16:00,21.13288871,36.12785902
DE07,Germany,30,7,307,10:16:00,10.83868113,51.05903161
FR01,France,31,1,311,10:16:00,-0.37579643,47.40573611
HU02,Hungary,31,2,312,10:16:00,16.26326865,45.98485902
IT03,Italy,31,3,313,10:16:00,9.72418082,40.27407992
ES04,Spain,31,4,314,10:16:00,-6.42345149,38.70890808
IE05,Ireland,31,5,315,10:16:00,-9.05141792,52.00675327
GR06,Greece,31,6,316,10:16:00,20.98954005,36.26018514
DE07,Germany,31,7,317,10:16:00,10.69533247,51.16197433
FR01,France,32,1,321,10:16:00,-0.50867393,47.52239786
HU02,Hungary,32,2,322,10:16:00,16.13039115,46.10463448
IT03,Italy,32,3,323,10:16:00,9.59130332,40.40561073
ES04,Spain,32,4,324,10:16:00,-6.55632898,38.84343806
IE05,Ireland,32,5,325,10:16:00,-9.18429541,52.11285176
GR06,Greece,32,6,326,10:16:00,20.85666256,36.39920571
DE07,Germany,32,7,327,10:16:00,10.56245498,51.27006545
FR01,France,33,1,331,10:16:00,-0.63056619,47.6441418
HU02,Hungary,33,2,332,10:16:00,16.00849889,46.22963431
IT03,Italy,33,3,333,10:16:00,9.46941105,40.54290927
ES04,Spain,33,4,334,10:16:00,-6.67822125,38.98387637
IE05,Ireland,33,5,335,10:16:00,-9.30618768,52.22355465
GR06,Greece,33,6,336,10:16:00,20.73477029,36.54434694
DE07,Germany,33,7,337,10:16:00,10.44056271,51.38285061
FR01,France,34,1,341,10:16:00,-0.74100165,47.77046142
HU02,Hungary,34,2,342,10:16:00,15.89806344,46.3593392
IT03,Italy,34,3,343,10:16:00,9.3589756,40.68540883
ES04,Spain,34,4,344,10:16:00,-6.7886567,39.12964444
IE05,Ireland,34,5,345,10:16:00,-9.41662313,52.33839927
GR06,Greece,34,6,346,10:16:00,20.62433484,36.69501269
DE07,Germany,34,7,347,10:16:00,10.33012726,51.49985882
FR01,France,35,1,351,10:16:00,-0.83955303,47.9008346
HU02,Hungary,35,2,352,10:16:00,15.79951205,46.49321378
IT03,Italy,35,3,353,10:16:00,9.26042421,40.83252456
ES04,Spain,35,4,354,10:16:00,-6.88720809,39.28014501
IE05,Ireland,35,5,355,10:16:00,-9.51517452,52.45690901
GR06,Greece,35,6,356,10:16:00,20.52578345,36.85058734
DE07,Germany,35,7,357,10:16:00,10.23157587,51.62060482
FR01,France,36,1,361,10:16:00,-0.92583908,48.03472614
HU02,Hungary,36,2,362,10:16:00,15.713226,46.63070909
IT03,Italy,36,3,363,10:16:00,9.17413817,40.98365629
ES04,Spain,36,4,364,10:16:00,-6.97349414,39.434765
IE05,Ireland,36,5,365,10:16:00,-9.60146056,52.57859563
GR06,Greece,36,6,366,10:16:00,20.43949741,37.01043865
DE07,Germany,36,7,367,10:16:00,10.14528983,51.74459148
FR01,France,37,1,371,10:16:00,-0.99952596,48.1715903
HU02,Hungary,37,2,372,10:16:00,15.63953912,46.7712653
IT03,Italy,37,3,373,10:16:00,9.10045128,41.1381913
ES04,Spain,37,4,374,10:16:00,-7.04718102,39.59287836
IE05,Ireland,37,5,375,10:16:00,-9.67514745,52.70296166
GR06,Greece,37,6,376,10:16:00,20.36581052,37.17392071
DE07,Germany,37,7,377,10:16:00,10.07160294,51.87131219
FR01,France,38,1,381,10:16:00,-1.0603286,48.31087337
HU02,Hungary,38,2,382,10:16:00,15.57873648,46.9143142
IT03,Italy,38,3,383,10:16:00,9.03964865,41.29550712
ES04,Spain,38,4,384,10:16:00,-7.10798366,39.75384887
IE05,Ireland,38,5,385,10:16:00,-9.73595008,52.82950267
GR06,Greece,38,6,386,10:16:00,20.30500788,37.34037685
DE07,Germany,38,7,387,10:16:00,10.01080031,52.00025321
FR01,France,39,1,391,10:16:00,-1.10801176,48.45201617
HU02,Hungary,39,2,392,10:16:00,15.53105332,47.05928187
IT03,Italy,39,3,393,10:16:00,8.99196549,41.45497438
ES04,Spain,39,4,394,10:16:00,-7.15566682,39.91703308
IE05,Ireland,39,5,395,10:16:00,-9.78363324,52.95770966
GR06,Greece,39,6,396,10:16:00,20.25732472,37.50914258
DE07,Germany,39,7,397,10:16:00,9.96311715,52.13089603
FR01,France,40,1,401,10:16:00,-1.14239097,48.5944565
HU02,Hungary,40,2,402,10:16:00,15.49667412,47.20559116
IT03,Italy,40,3,403,10:16:00,8.95758628,41.61595951
ES04,Spain,40,4,404,10:16:00,-7.19004602,40.08178305
IE05,Ireland,40,5,405,10:16:00,-9.81801245,53.08707122
GR06,Greece,40,6,406,10:16:00,20.22294552,37.67954847
DE07,Germany,40,7,407,10:16:00,9.92873794,52.26271969
FR01,France,41,1,411,10:16:00,-1.16333321,48.73763162
HU02,Hungary,41,2,412,10:16:00,15.47573187,47.3526642
IT03,Italy,41,3,413,10:16:00,8.93664404,41.77782748
ES04,Spain,41,4,414,10:16:00,-7.21098826,40.24744915
IE05,Ireland,41,5,415,10:16:00,-9.83895469,53.21707585
GR06,Greece,41,6,416,10:16:00,20.20200328,37.85092302
DE07,Germany,41,7,417,10:16:00,9.9077957,52.39520301
FR01,France,42,1,421,10:16:00,-1.17075747,48.88098054
HU02,Hungary,42,2,422,10:16:00,15.46830761,47.4999248
IT03,Italy,42,3,423,10:16:00,8.92921978,41.93994446
ES04,Spain,42,4,424,10:16:00,-7.21841252,40.41338279
IE05,Ireland,42,5,425,10:16:00,-9.84637895,53.34721401
GR06,Greece,42,6,426,10:16:00,20.19457902,38.02259547
DE07,Germany,42,7,427,10:16:00,9.90037144,52.52782676
FR01,France,43,1,431,10:16:00,-1.16463502,49.02394635
HU02,Hungary,43,2,432,10:16:00,15.47443006,47.6468008
IT03,Italy,43,3,433,10:16:00,8.93534223,42.10168039
ES04,Spain,43,4,434,10:16:00,-7.21229007,40.57893902
IE05,Ireland,43,5,435,10:16:00,-9.8402565,53.47698024
GR06,Greece,43,6,436,10:16:00,20.20070147,38.19389849
DE07,Germany,43,7,437,10:16:00,9.90649389,52.66007582
FR01,France,44,1,441,10:16:00,-1.14498955,49.16597837
HU02,Hungary,44,2,442,10:16:00,15.49407553,47.79272631
IT03,Italy,44,3,443,10:16:00,8.9549877,42.26241146
ES04,Spain,44,4,444,10:16:00,-7.19264461,40.7434791
IE05,Ireland,44,5,445,10:16:00,-9.82061104,53.60587512
GR06,Greece,44,6,446,10:16:00,20.22034693,38.36417086
DE07,Germany,44,7,447,10:16:00,9.92613935,52.79144112
FR01,France,45,1,451,10:16:00,-1.11189707,49.30653425
HU02,Hungary,45,2,452,10:16:00,15.52716801,47.93714387
IT03,Italy,45,3,453,10:16:00,8.98808018,42.42152249
ES04,Spain,45,4,454,10:16:00,-7.15955213,40.90637295
IE05,Ireland,45,5,455,10:16:00,-9.78751855,53.73340713
GR06,Greece,45,6,456,10:16:00,20.25343942,38.53276001
DE07,Germany,45,7,457,10:16:00,9.95923184,52.9214216
FR01,France,46,1,461,10:16:00,-1.0654856,49.44508195
HU02,Hungary,46,2,462,10:16:00,15.57357948,48.07950648
IT03,Italy,46,3,463,10:16:00,9.03449165,42.57840925
ES04,Spain,46,4,464,10:16:00,-7.11314066,41.0670015
IE05,Ireland,46,5,465,10:16:00,-9.74110709,53.85909448
GR06,Greece,46,6,466,10:16:00,20.29985088,38.69902444
DE07,Germany,46,7,467,10:16:00,10.0056433,53.04952605
FR01,France,47,1,471,10:16:00,-1.0059347,49.58110161
HU02,Hungary,47,2,472,10:16:00,15.63313038,48.21927953
IT03,Italy,47,3,473,10:16:00,9.09404254,42.73248056
ES04,Spain,47,4,474,10:16:00,-7.05358976,41.22475888
IE05,Ireland,47,5,475,10:16:00,-9.68155619,53.98246671
GR06,Greece,47,6,476,10:16:00,20.35940178,38.86233606
DE07,Germany,47,7,477,10:16:00,10.0651942,53.17527477
FR01,France,48,1,481,10:16:00,-0.93347477,49.71408731
HU02,Hungary,48,2,482,10:16:00,15.70559032,48.35594263
IT03,Italy,48,3,483,10:16:00,9.16650248,42.88316041
ES04,Spain,48,4,484,10:16:00,-6.98112982,41.37905459
IE05,Ireland,48,5,485,10:16:00,-9.60909625,54.10306634
GR06,Greece,48,6,486,10:16:00,20.43186172,39.02208237
DE07,Germany,48,7,487,10:16:00,10.13765414,53.2982012
FR01,France,49,1,491,10:16:00,-0.84838612,49.84354871
HU02,Hungary,49,2,492,10:16:00,15.79067896,48.4889913
IT03,Italy,49,3,493,10:16:00,9.25159113,43.0298898
ES04,Spain,49,4,494,10:16:00,-6.89604118,41.5293154
IE05,Ireland,49,5,495,10:16:00,-9.52400761,54.22045027
GR06,Greece,49,6,496,10:16:00,20.51695036,39.17766857
DE07,Germany,49,7,497,10:16:00,10.22274278,53.41785341
FR01,France,50,1,501,10:16:00,-0.75099797,49.96901254
HU02,Hungary,50,2,502,10:16:00,15.88806712,48.61793851
IT03,Italy,50,3,503,10:16:00,9.34897928,43.17212862
ES04,Spain,50,4,504,10:16:00,-6.79865302,41.6749873
IE05,Ireland,50,5,505,10:16:00,-9.42661945,54.33419113
GR06,Greece,50,6,506,10:16:00,20.61433852,39.32851949
DE07,Germany,50,7,507,10:16:00,10.32013094,53.53379546
FR01,France,51,1,511,10:16:00,-0.64168707,50.09002405
HU02,Hungary,51,2,512,10:16:00,15.99737801,48.74231618
IT03,Italy,51,3,513,10:16:00,9.45829018,43.30935722
ES04,Spain,51,4,514,10:16:00,-6.68934212,41.81553712
IE05,Ireland,51,5,515,10:16:00,-9.31730855,54.44387854
GR06,Greece,51,6,516,10:16:00,20.72364942,39.47408138
DE07,Germany,51,7,517,10:16:00,10.42944184,53.64560869
FR01,France,52,1,521,10:16:00,-0.52087634,50.20614826
HU02,Hungary,52,2,522,10:16:00,16.11818874,48.86167648
IT03,Italy,52,3,523,10:16:00,9.57910091,43.441078
ES04,Spain,52,4,524,10:16:00,-6.56853139,41.95045418
IE05,Ireland,52,5,525,10:16:00,-9.19649782,54.5491202
GR06,Greece,52,6,526,10:16:00,20.84446015,39.61382363
DE07,Germany,52,7,527,10:16:00,10.55025257,53.75289284
FR01,France,53,1,531,10:16:00,-0.38903316,50.31697111
HU02,Hungary,53,2,532,10:16:00,16.25003192,48.97559307
IT03,Italy,53,3,533,10:16:00,9.71094408,43.56681684
ES04,Spain,53,4,534,10:16:00,-6.43668822,42.07925175
IE05,Ireland,53,5,535,10:16:00,-9.06465465,54.64954296
GR06,Greece,53,6,536,10:16:00,20.97630332,39.74724028
DE07,Germany,53,7,537,10:16:00,10.68209574,53.85526714
FR01,France,54,1,541,10:16:00,-0.24666762,50.42210058
HU02,Hungary,54,2,542,10:16:00,16.39239746,49.08366217
IT03,Italy,54,3,543,10:16:00,9.85330962,43.68612429
ES04,Spain,54,4,544,10:16:00,-6.29432268,42.20146837
IE05,Ireland,54,5,545,10:16:00,-8.92228911,54.74479367
GR06,Greece,54,6,546,10:16:00,21.11866886,39.87385144
DE07,Germany,54,7,547,10:16:00,10.82446128,53.95237121
FR01,France,55,1,551,10:16:00,-0.0943305,50.52116757
HU02,Hungary,55,2,552,10:16:00,16.54473458,49.18550357
IT03,Italy,55,3,553,10:16:00,10.00564675,43.79857685
ES04,Spain,55,4,554,10:16:00,-6.14198556,42.31666904
IE05,Ireland,55,5,555,10:16:00,-8.76995198,54.83454007
GR06,Greece,55,6,556,10:16:00,21.27100598,39.99320463
DE07,Germany,55,7,557,10:16:00,10.97679841,54.04386593
FR01,France,56,1,561,10:16:00,0.06738884,50.61382679
HU02,Hungary,56,2,562,10:16:00,16.70645392,49.28076151
IT03,Italy,56,3,563,10:16:00,10.16736609,43.90377791
ES04,Spain,56,4,564,10:16:00,-5.98026621,42.42444638
IE05,Ireland,56,5,565,10:16:00,-8.60823264,54.9184715
GR06,Greece,56,6,566,10:16:00,21.43272533,40.10487587
DE07,Germany,56,7,567,10:16:00,11.13851775,54.1294342
FR01,France,57,1,571,10:16:00,0.23786474,50.69975751
HU02,Hungary,57,2,572,10:16:00,16.87692982,49.3691055
IT03,Italy,57,3,573,10:16:00,10.33784199,44.00135878
ES04,Spain,57,4,574,10:16:00,-5.80979031,42.52442152
IE05,Ireland,57,5,575,10:16:00,-8.43775674,54.9962995
GR06,Greece,57,6,576,10:16:00,21.60320123,40.20847077
DE07,Germany,57,7,577,10:16:00,11.30899365,54.20878158
FR01,France,58,1,581,10:16:00,0.41643766,50.7786642
HU02,Hungary,58,2,582,10:16:00,17.05550274,49.45023094
IT03,Italy,58,3,583,10:16:00,10.51641491,44.09097943
ES04,Spain,58,4,584,10:16:00,-5.63121739,42.61624506
IE05,Ireland,58,5,585,10:16:00,-8.25918382,55.06775845
GR06,Greece,58,6,586,10:16:00,21.78177415,40.30362548
DE07,Germany,58,7,587,10:16:00,11.48756657,54.28163688
FR01,France,59,1,591,10:16:00,0.60241674,50.85027712
HU02,Hungary,59,2,592,10:16:00,17.24148182,49.5238598
IT03,Italy,59,3,593,10:16:00,10.70239399,44.17232932
ES04,Spain,59,4,594,10:16:00,-5.44523831,42.69959777
IE05,Ireland,59,5,595,10:16:00,-8.07320474,55.13260599
GR06,Greece,59,6,596,10:16:00,21.96775323,40.39000748
DE07,Germany,59,7,597,10:16:00,11.67354565,54.34775267
FR01,France,60,1,601,10:16:00,0.79508246,50.91435285
HU02,Hungary,60,2,602,10:16:00,17.43414754,49.58974112
IT03,Italy,60,3,603,10:16:00,10.89505971,44.24512794
ES04,Spain,60,4,604,10:16:00,-5.2525726,42.7741913
IE05,Ireland,60,5,605,10:16:00,-7.88053902,55.19062349
GR06,Greece,60,6,606,10:16:00,22.16041894,40.46731633
DE07,Germany,60,7,607,10:16:00,11.86621137,54.40690572
FR01,France,61,1,611,10:16:00,0.99368943,50.97067466
HU02,Hungary,61,2,612,10:16:00,17.63275451,49.64765145
IT03,Italy,61,3,613,10:16:00,11.09366668,44.30912544
ES04,Spain,61,4,614,10:16:00,-5.05396562,42.83976874
IE05,Ireland,61,5,615,10:16:00,-7.68193205,55.24161638
GR06,Greece,61,6,616,10:16:00,22.35902592,40.53528432
DE07,Germany,61,7,617,10:16:00,12.06481834,54.45889735
FR01,France,62,1,621,10:16:00,1.19746928,51.01905293
HU02,Hungary,62,2,622,10:16:00,17.83653436,49.69739526
IT03,Italy,62,3,623,10:16:00,11.29744653,44.36410307
ES04,Spain,62,4,624,10:16:00,-4.85018577,42.89610515
IE05,Ireland,62,5,625,10:16:00,-7.4781522,55.28541446
GR06,Greece,62,6,626,10:16:00,22.56280577,40.59367695
DE07,Germany,62,7,627,10:16:00,12.26859819,54.50355377
FR01,France,63,1,631,10:16:00,1.40563363,51.0593254
HU02,Hungary,63,2,632,10:16:00,18.04469871,49.73880523
IT03,Italy,63,3,633,10:16:00,11.50561088,44.40987358
ES04,Spain,63,4,634,10:16:00,-4.64202142,42.94300796
IE05,Ireland,63,5,635,10:16:00,-7.26998785,55.32187216
GR06,Greece,63,6,636,10:16:00,22.77097012,40.64229345
DE07,Germany,63,7,637,10:16:00,12.47676254,54.54072632
FR01,France,64,1,641,10:16:00,1.61737713,51.09135749
HU02,Hungary,64,2,642,10:16:00,18.25644221,49.77174255
IT03,Italy,64,3,643,10:16:00,11.71735438,44.44628157
ES04,Spain,64,4,644,10:16:00,-4.43027792,42.98031733
IE05,Ireland,64,5,645,10:16:00,-7.05824435,55.35086874
GR06,Greece,64,6,646,10:16:00,22.98271362,40.68096715
DE07,Germany,64,7,647,10:16:00,12.68850604,54.57029167
FR01,France,65,1,651,10:16:00,1.83188059,51.11504242
HU02,Hungary,65,2,652,10:16:00,18.47094567,49.79609709
IT03,Italy,65,3,653,10:16:00,11.93185783,44.47320372
ES04,Spain,65,4,654,10:16:00,-4.21577447,43.0079064
IE05,Ireland,65,5,655,10:16:00,-6.8437409,55.37230843
GR06,Greece,65,6,656,10:16:00,23.19721707,40.70956577
DE07,Germany,65,7,657,10:16:00,12.90300949,54.59215205
FR01,France,66,1,661,10:16:00,2.04831412,51.13030141
HU02,Hungary,66,2,662,10:16:00,18.68737921,49.81178761
IT03,Italy,66,3,663,10:16:00,12.14829137,44.49054902
ES04,Spain,66,4,664,10:16:00,-3.99934093,43.02568156
IE05,Ireland,66,5,665,10:16:00,-6.62730736,55.38612061
GR06,Greece,66,6,666,10:16:00,23.41365061,40.72799166
DE07,Germany,66,7,667,10:16:00,13.11944303,54.6062353
FR01,France,67,1,671,10:16:00,2.26584041,51.1370838
HU02,Hungary,67,2,672,10:16:00,18.90490549,49.81876184
IT03,Italy,67,3,673,10:16:00,12.36581765,44.49825893
ES04,Spain,67,4,674,10:16:00,-3.78181465,43.03358258
IE05,Ireland,67,5,675,10:16:00,-6.40978108,55.39225982
GR06,Greece,67,6,676,10:16:00,23.63117689,40.73618201
DE07,Germany,67,7,677,10:16:00,13.33696931,54.61249502
FR01,France,68,1,681,10:16:00,2.48361786,51.13536707
HU02,Hungary,68,2,682,10:16:00,19.12268295,49.81699655
IT03,Italy,68,3,683,10:16:00,12.58359511,44.49630742
ES04,Spain,68,4,684,10:16:00,-3.56403719,43.0315827
IE05,Ireland,68,5,685,10:16:00,-6.19200362,55.3907059
GR06,Greece,68,6,686,10:16:00,23.84895435,40.73410889
DE07,Germany,68,7,687,10:16:00,13.55474677,54.61091059
FR01,France,69,1,691,10:16:00,2.70080396,51.12515693
HU02,Hungary,69,2,692,10:16:00,19.33986904,49.80649763
IT03,Italy,69,3,693,10:16:00,12.80078121,44.48470109
ES04,Spain,69,4,694,10:16:00,-3.34685109,43.01968869
IE05,Ireland,69,5,695,10:16:00,-5.97481752,55.38146394
GR06,Greece,69,6,696,10:16:00,24.06614045,40.72177937
DE07,Germany,69,7,697,10:16:00,13.77193287,54.60148724
FR01,France,70,1,701,10:16:00,2.91655844,51.10648726
HU02,Hungary,70,2,702,10:16:00,19.55562352,49.78730004
IT03,Italy,70,3,703,10:16:00,13.01653569,44.4634791
ES04,Spain,70,4,704,10:16:00,-3.13109661,42.99794084
IE05,Ireland,70,5,705,10:16:00,-5.75906304,55.36456434
GR06,Greece,70,6,706,10:16:00,24.28189493,40.69923548
DE07,Germany,70,7,707,10:16:00,13.98768735,54.58425599
FR01,France,71,1,711,10:16:00,3.1300466,51.07942009
HU02,Hungary,71,2,712,10:16:00,19.76911168,49.75946775
IT03,Italy,71,3,713,10:16:00,13.23002385,44.43271311
ES04,Spain,71,4,714,10:16:00,-2.91760845,42.96641287
IE05,Ireland,71,5,715,10:16:00,-5.54557488,55.34006272
GR06,Greece,71,6,716,10:16:00,24.49538309,40.66655411
DE07,Germany,71,7,717,10:16:00,14.20117551,54.55927366
FR01,France,72,1,721,10:16:00,3.34044249,51.04404553
HU02,Hungary,72,2,722,10:16:00,19.97950757,49.7230937
IT03,Italy,72,3,723,10:16:00,13.44041974,44.39250721
ES04,Spain,72,4,724,10:16:00,-2.70721256,42.92521186
IE05,Ireland,72,5,725,10:16:00,-5.33517899,55.30803987
GR06,Greece,72,6,726,10:16:00,24.70577898,40.62384693
DE07,Germany,72,7,727,10:16:00,14.4115714,54.52662277
FR01,France,73,1,731,10:16:00,3.54693213,51.00048159
HU02,Hungary,73,2,732,10:16:00,20.18599721,49.67829961
IT03,Italy,73,3,733,10:16:00,13.64690938,44.3429977
ES04,Spain,73,4,734,10:16:00,-2.50072292,42.87447799
IE05,Ireland,73,5,735,10:16:00,-5.12868935,55.26860166
GR06,Greece,73,6,736,10:16:00,24.91226862,40.57126014
DE07,Germany,73,7,737,10:16:00,14.61806104,54.48641143
FR01,France,74,1,741,10:16:00,3.74871665,50.94887407
HU02,Hungary,74,2,742,10:16:00,20.38778173,49.62523584
IT03,Italy,74,3,743,10:16:00,13.8486939,44.28435288
ES04,Spain,74,4,744,10:16:00,-2.2989384,42.81438438
IE05,Ireland,74,5,745,10:16:00,-4.92690483,55.22187889
GR06,Greece,74,6,746,10:16:00,25.11405314,40.50897423
DE07,Germany,74,7,747,10:16:00,14.81984556,54.43877321
FR01,France,75,1,751,10:16:00,3.94501539,50.88939632
HU02,Hungary,75,2,752,10:16:00,20.58408047,49.56408113
IT03,Italy,75,3,753,10:16:00,14.04499264,44.21677276
ES04,Spain,75,4,754,10:16:00,-2.10263967,42.74513671
IE05,Ireland,75,5,755,10:16:00,-4.7306061,55.1680271
GR06,Greece,75,6,756,10:16:00,25.31035187,40.43720362
DE07,Germany,75,7,757,10:16:00,15.01614429,54.38386696
FR01,France,76,1,761,10:16:00,4.1350689,50.82224893
HU02,Hungary,76,2,762,10:16:00,20.77413398,49.49504234
IT03,Italy,76,3,763,10:16:00,14.23504615,44.14048872
ES04,Spain,76,4,764,10:16:00,-1.91258615,42.66697289
IE05,Ireland,76,5,765,10:16:00,-4.54055258,55.10722635
GR06,Greece,76,6,766,10:16:00,25.50040539,40.3561963
DE07,Germany,76,7,767,10:16:00,15.20619781,54.32187655
FR01,France,77,1,771,10:16:00,4.31814191,50.74765947
HU02,Hungary,77,2,772,10:16:00,20.95720699,49.41835408
IT03,Italy,77,3,773,10:16:00,14.41811915,44.05576304
ES04,Spain,77,4,774,10:16:00,-1.72951315,42.5801626
IE05,Ireland,77,5,775,10:16:00,-4.35747958,55.03968099
GR06,Greece,77,6,776,10:16:00,25.68347839,40.26623327
DE07,Germany,77,7,777,10:16:00,15.38927081,54.25301062
FR01,France,78,1,781,10:16:00,4.49352613,50.66588204
HU02,Hungary,78,2,782,10:16:00,21.13259122,49.3342783
IT03,Italy,78,3,783,10:16:00,14.59350338,43.96288842
ES04,Spain,78,4,784,10:16:00,-1.55412892,42.48500671
IE05,Ireland,78,5,785,10:16:00,-4.18209535,54.96561927
GR06,Greece,78,6,786,10:16:00,25.85886262,40.16762799
DE07,Germany,78,7,787,10:16:00,15.56465504,54.17750222
FR01,France,79,1,791,10:16:00,4.66054306,50.57719687
HU02,Hungary,79,2,792,10:16:00,21.29960814,49.24310383
IT03,Italy,79,3,793,10:16:00,14.7605203,43.86218741
ES04,Spain,79,4,794,10:16:00,-1.387112,42.38183675
IE05,Ireland,79,5,795,10:16:00,-4.01507843,54.885293
GR06,Greece,79,6,796,10:16:00,26.02587954,40.06072575
DE07,Germany,79,7,797,10:16:00,15.73167196,54.09560844
FR01,France,80,1,801,10:16:00,4.81854651,50.48190972
HU02,Hungary,80,2,802,10:16:00,21.4576116,49.14514579
IT03,Italy,80,3,803,10:16:00,14.91852376,43.7540117
ES04,Spain,80,4,804,10:16:00,-1.22910854,42.2710141
IE05,Ireland,80,5,805,10:16:00,-3.85707497,54.79897708
GR06,Greece,80,6,806,10:16:00,26.183883,39.94590283
DE07,Germany,80,7,807,10:16:00,15.88967542,54.00760991
FR01,France,81,1,811,10:16:00,4.96692523,50.38035135
HU02,Hungary,81,2,812,10:16:00,21.60599031,49.04074498
IT03,Italy,81,3,813,10:16:00,15.06690247,43.63874137
ES04,Spain,81,4,814,10:16:00,-1.08072983,42.15292927
IE05,Ireland,81,5,815,10:16:00,-3.70869626,54.70696901
GR06,Greece,81,6,816,10:16:00,26.33226171,39.82356569
DE07,Germany,81,7,817,10:16:00,16.03805413,53.9138103
FR01,France,82,1,821,10:16:00,5.10510514,50.27287674
HU02,Hungary,82,2,822,10:16:00,21.74417022,48.93026713
IT03,Italy,82,3,823,10:16:00,15.20508239,43.516784
ES04,Spain,82,4,824,10:16:00,-0.94254991,42.02800092
IE05,Ireland,82,5,825,10:16:00,-3.57051634,54.60958827
GR06,Greece,82,6,826,10:16:00,26.47044163,39.69414994
DE07,Germany,82,7,827,10:16:00,16.17623405,53.81453571
FR01,France,83,1,831,10:16:00,5.23255167,50.15986437
HU02,Hungary,83,2,832,10:16:00,21.87161675,48.81410208
IT03,Italy,83,3,833,10:16:00,15.33252892,43.38857371
ES04,Spain,83,4,834,10:16:00,-0.81510338,41.89667486
IE05,Ireland,83,5,835,10:16:00,-3.44306981,54.50717564
GR06,Greece,83,6,836,10:16:00,26.59788816,39.5581193
DE07,Germany,83,7,837,10:16:00,16.30368058,53.71013391
FR01,France,84,1,841,10:16:00,5.34877175,50.04171527
HU02,Hungary,84,2,842,10:16:00,21.98783683,48.69266285
IT03,Italy,84,3,843,10:16:00,15.44874899,43.25457004
ES04,Spain,84,4,844,10:16:00,-0.69888331,41.75942291
IE05,Ireland,84,5,845,10:16:00,-3.32684974,54.40009245
GR06,Greece,84,6,846,10:16:00,26.71410823,39.41596434
DE07,Germany,84,7,847,10:16:00,16.41990065,53.60097363
FR01,France,85,1,851,10:16:00,5.45331574,49.91885209
HU02,Hungary,85,2,852,10:16:00,22.09238082,48.56638459
IT03,Italy,85,3,853,10:16:00,15.55329298,43.11525679
ES04,Spain,85,4,854,10:16:00,-0.59433932,41.61674166
IE05,Ireland,85,5,855,10:16:00,-3.22230575,54.2887197
GR06,Greece,85,6,856,10:16:00,26.81865222,39.26820114
DE07,Germany,85,7,857,10:16:00,16.52444464,53.48744365
FR01,France,86,1,861,10:16:00,5.54577918,49.79171794
HU02,Hungary,86,2,862,10:16:00,22.18484426,48.43572348
IT03,Italy,86,3,863,10:16:00,15.64575643,42.97114061
ES04,Spain,86,4,864,10:16:00,-0.50187587,41.46915104
IE05,Ireland,86,5,865,10:16:00,-3.1298423,54.17345713
GR06,Greece,86,6,866,10:16:00,26.91111567,39.11536987
DE07,Germany,86,7,867,10:16:00,16.61690809,53.36995177
FR01,France,87,1,871,10:16:00,5.62580435,49.66077521
HU02,Hungary,87,2,872,10:16:00,22.26486944,48.3011554
IT03,Italy,87,3,873,10:16:00,15.7257816,42.82274962
ES04,Spain,87,4,874,10:16:00,-0.4218507,41.31719283
IE05,Ireland,87,5,875,10:16:00,-3.04981713,54.05472211
GR06,Greece,87,6,876,10:16:00,26.99114084,38.95803313
DE07,Germany,87,7,877,10:16:00,16.69693326,53.24892379
FR01,France,88,1,881,10:16:00,5.69308166,49.52650424
HU02,Hungary,88,2,882,10:16:00,22.33214674,48.16317461
IT03,Italy,88,3,883,10:16:00,15.79305891,42.67063177
ES04,Spain,88,4,884,10:16:00,-0.3545734,41.16142903
IE05,Ireland,88,5,885,10:16:00,-2.98253983,53.93294852
GR06,Greece,88,6,886,10:16:00,27.05841814,38.79677426
DE07,Germany,88,7,887,10:16:00,16.76421056,53.12480226
FR01,France,89,1,891,10:16:00,5.74735081,49.38940185
HU02,Hungary,89,2,892,10:16:00,22.38641589,48.02229223
IT03,Italy,89,3,893,10:16:00,15.84732806,42.51535314
ES04,Spain,89,4,894,10:16:00,-0.30030425,41.00244007
IE05,Ireland,89,5,895,10:16:00,-2.92827068,53.80858544
GR06,Greece,89,6,896,10:16:00,27.11268729,38.63219543
DE07,Germany,89,7,897,10:16:00,16.81847971,52.99804519
FR01,France,90,1,901,10:16:00,5.78840185,49.2499798
HU02,Hungary,90,2,902,10:16:00,22.42746693,47.87903459
IT03,Italy,90,3,903,10:16:00,15.88837909,42.35749611
ES04,Spain,90,4,904,10:16:00,-0.25925321,40.84082291
IE05,Ireland,90,5,905,10:16:00,-2.88721964,53.68209578
GR06,Greece,90,6,906,10:16:00,27.15373833,38.4649157
DE07,Germany,90,7,907,10:16:00,16.85953075,52.86912463
FR01,France,91,1,911,10:16:00,5.81607596,49.10876308
HU02,Hungary,91,2,912,10:16:00,22.45514104,47.73394153
IT03,Italy,91,3,913,10:16:00,15.9160532,42.19765739
ES04,Spain,91,4,914,10:16:00,-0.2315791,40.677189
IE05,Ireland,91,5,915,10:16:00,-2.85954553,53.55395476
GR06,Greece,91,6,916,10:16:00,27.18141244,38.29556884
DE07,Germany,91,7,917,10:16:00,16.88720486,52.73852513
FR01,France,92,1,921,10:16:00,5.83026607,48.96628813
HU02,Hungary,92,2,922,10:16:00,22.46933115,47.58756452
IT03,Italy,92,3,923,10:16:00,15.93024332,42.03644589
ES04,Spain,92,4,924,10:16:00,-0.21738898,40.51216213
IE05,Ireland,92,5,925,10:16:00,-2.84535541,53.42464831
GR06,Greece,92,6,926,10:16:00,27.19560256,38.12480112
DE07,Germany,92,7,927,10:16:00,16.90139498,52.6067421
FR01,France,93,1,931,10:16:00,5.83091729,48.8231009
HU02,Hungary,93,2,932,10:16:00,22.46998237,47.44046466
IT03,Italy,93,3,933,10:16:00,15.93089454,41.87448057
ES04,Spain,93,4,934,10:16:00,-0.21673776,40.34637618
IE05,Ireland,93,5,935,10:16:00,-2.84470419,53.29467136
GR06,Greece,93,6,936,10:16:00,27.19625378,37.9532689
DE07,Germany,93,7,937,10:16:00,16.9020462,52.47428005
FR01,France,94,1,941,10:16:00,5.8180271,48.67975485
HU02,Hungary,94,2,942,10:16:00,22.45709218,47.29321066
IT03,Italy,94,3,943,10:16:00,15.91800435,41.71238804
ES04,Spain,94,4,944,10:16:00,-0.22962795,40.18047269
IE05,Ireland,94,5,945,10:16:00,-2.85759438,53.16452601
GR06,Greece,94,6,946,10:16:00,27.18336359,37.78163618
DE07,Germany,94,7,947,10:16:00,16.88915601,52.34165072
FR01,France,95,1,951,10:16:00,5.79164536,48.53680881
HU02,Hungary,95,2,952,10:16:00,22.43071045,47.14637657
IT03,Italy,95,3,953,10:16:00,15.89162261,41.5508002
ES04,Spain,95,4,954,10:16:00,-0.25600969,40.01509839
IE05,Ireland,95,5,955,10:16:00,-2.88397612,53.0347196
GR06,Greece,95,6,956,10:16:00,27.15698185,37.61057199
DE07,Germany,95,7,957,10:16:00,16.86277427,52.20937116
FR01,France,96,1,961,10:16:00,5.75187415,48.39482475
HU02,Hungary,96,2,962,10:16:00,22.39093923,47.00053954
IT03,Italy,96,3,963,10:16:00,15.8518514,41.39035167
ES04,Spain,96,4,964,10:16:00,-0.2957809,39.85090262
IE05,Ireland,96,5,965,10:16:00,-2.92374733,52.90576272
GR06,Greece,96,6,966,10:16:00,27.11721064,37.44074773
DE07,Germany,96,7,967,10:16:00,16.82300306,52.07796163
FR01,France,97,1,971,10:16:00,5.69886733,48.25436548
HU02,Hungary,97,2,972,10:16:00,22.33793241,46.85627745
IT03,Italy,97,3,973,10:16:00,15.79884457,41.23167722
ES04,Spain,97,4,974,10:16:00,-0.34878773,39.68853465
IE05,Ireland,97,5,975,10:16:00,-2.97675416,52.7781671
GR06,Greece,97,6,976,10:16:00,27.06420381,37.27283441
DE07,Germany,97,7,977,10:16:00,16.76999623,51.94794349
FR01,France,98,1,981,10:16:00,5.63282996,48.11599227
HU02,Hungary,98,2,982,10:16:00,22.27189505,46.71416646
IT03,Italy,98,3,983,10:16:00,15.73280721,41.07540905
ES04,Spain,98,4,984,10:16:00,-0.41482509,39.52864095
IE05,Ireland,98,5,985,10:16:00,-3.04279152,52.65244343
GR06,Greece,98,6,986,10:16:00,26.99816645,37.10749979
DE07,Germany,98,7,987,10:16:00,16.70395887,51.81983699
FR01,France,99,1,991,10:16:00,5.55401755,47.98026241
HU02,Hungary,99,2,992,10:16:00,22.19308263,46.57477847
IT03,Italy,99,3,993,10:16:00,15.6539948,40.92217409
ES04,Spain,99,4,994,10:16:00,-0.4936375,39.37186238
IE05,Ireland,99,5,995,10:16:00,-3.12160393,52.52909915
GR06,Greece,99,6,996,10:16:00,26.91935404,36.94540558
DE07,Germany,99,7,997,10:16:00,16.62514646,51.69415899
FR01,France,100,1,1001,10:16:00,5.462735,47.84772667
HU02,Hungary,100,2,1002,10:16:00,22.10180008,46.43867863
IT03,Italy,100,3,1003,10:16:00,15.56271224,40.77259118
ES04,Spain,100,4,1004,10:16:00,-0.58492006,39.2188314
IE05,Ireland,100,5,1005,10:16:00,-3.21288649,52.40863617
GR06,Greece,100,6,1006,10:16:00,26.82807148,36.78720444
DE07,Germany,100,7,1007,10:16:00,16.5338639,51.57142063
FR01,France,101,1,1011,10:16:00,5.35933545,47.71892686
HU02,Hungary,101,2,1012,10:16:00,21.99840054,46.30642269
IT03,Italy,101,3,1013,10:16:00,15.4593127,40.62726834
ES04,Spain,101,4,1014,10:16:00,-0.6883196,39.07016918
IE05,Ireland,101,5,1015,10:16:00,-3.31628603,52.29154849
GR06,Greece,101,6,1016,10:16:00,26.72467194,36.63353711
DE07,Germany,101,7,1017,10:16:00,16.43046436,51.45212498
