eventid,visible,timestamp,datefield,longitude,latitude,externaltemp,gps_dop,heightraw,sensor,species,tagid,individualid,study
9710294924,TRUE,12/19/2013 0:00,12/19/2013 12:00:44 AM,-111.990073,57.212889,-22,2.6,350.59,gps,Canis lupus,13791,13791,ABoVE: Boutin Alberta Grey Wolf
9710294925,TRUE,12/19/2013 12:00,12/19/2013 12:00:45 PM,-112.043078,57.211016,-8,1.6,335.05,gps,Canis lupus,13791,13791,ABoVE: Boutin Alberta Grey Wolf
9710294926,TRUE,12/20/2013 0:00,12/20/2013 12:00:44 AM,-112.105655,57.26009,-5,1.8,409.08,gps,Canis lupus,13791,13791,ABoVE: Boutin Alberta Grey Wolf
9710294927,TRUE,12/20/2013 12:00,12/20/2013 12:00:44 PM,-112.105336,57.261037,-12,1.6,414.98,gps,Canis lupus,13791,13791,ABoVE: Boutin Alberta Grey Wolf
9710294928,TRUE,12/21/2013 0:00,12/21/2013 12:00:44 AM,-112.10563,57.260091,-9,1.8,416.13,gps,Canis lupus,13791,13791,ABoVE: Boutin Alberta Grey Wolf
9710294929,TRUE,12/21/2013 12:00,12/21/2013 12:00:44 PM,-112.105605,57.260063,-10,2,418.13,gps,Canis lupus,13791,13791,ABoVE: Boutin Alberta Grey Wolf
9710294930,TRUE,12/22/2013 0:00,12/22/2013 12:00:44 AM,-112.114396,57.256069,-20,1.8,416.4,gps,Canis lupus,13791,13791,ABoVE: Boutin Alberta Grey Wolf
9710294931,TRUE,12/22/2013 12:00,12/22/2013 12:00:45 PM,-112.005741,57.191187,-3,2.2,404.36,gps,Canis lupus,13791,13791,ABoVE: Boutin Alberta Grey Wolf
9710294932,TRUE,12/23/2013 0:01,12/23/2013 12:01:44 AM,-111.97733,57.25891,-8,2,355.62,gps,Canis lupus,13791,13791,ABoVE: Boutin Alberta Grey Wolf
9710294933,TRUE,12/23/2013 12:00,12/23/2013 12:00:38 PM,-111.954527,57.323258,-2,1.6,359.67,gps,Canis lupus,13791,13791,ABoVE: Boutin Alberta Grey Wolf
9710294934,TRUE,12/24/2013 1:24,12/24/2013 1:24:49 AM,-112.015396,57.363032,2,6,416.35,gps,Canis lupus,13791,13791,ABoVE: Boutin Alberta Grey Wolf
9710294935,TRUE,12/24/2013 16:57,12/24/2013 4:57:08 PM,-111.910741,57.389547,1,1.4,364.03,gps,Canis lupus,13791,13791,ABoVE: Boutin Alberta Grey Wolf
9710294936,TRUE,12/25/2013 0:00,12/25/2013 12:00:44 AM,-111.983152,57.394024,-2,2.2,394.09,gps,Canis lupus,13791,13791,ABoVE: Boutin Alberta Grey Wolf
9710294937,TRUE,12/25/2013 12:00,12/25/2013 12:00:45 PM,-112.032321,57.375693,-9,2.4,442.02,gps,Canis lupus,13791,13791,ABoVE: Boutin Alberta Grey Wolf
9710294938,TRUE,12/26/2013 12:43,12/26/2013 12:43:44 PM,-111.913453,57.306613,5,1.8,315.87,gps,Canis lupus,13791,13791,ABoVE: Boutin Alberta Grey Wolf
9710294939,TRUE,12/27/2013 17:44,12/27/2013 5:44:32 PM,-111.884294,57.253551,-3,2,313.81,gps,Canis lupus,13791,13791,ABoVE: Boutin Alberta Grey Wolf
9710294940,TRUE,12/28/2013 1:01,12/28/2013 1:01:14 AM,-111.884226,57.253615,1,2.6,313.96,gps,Canis lupus,13791,13791,ABoVE: Boutin Alberta Grey Wolf
9710294941,TRUE,12/28/2013 12:00,12/28/2013 12:00:44 PM,-111.874462,57.250313,-9,2,312.67,gps,Canis lupus,13791,13791,ABoVE: Boutin Alberta Grey Wolf
9710294942,TRUE,12/29/2013 0:01,12/29/2013 12:01:05 AM,-111.869884,57.226869,4,2.8,275.69,gps,Canis lupus,13791,13791,ABoVE: Boutin Alberta Grey Wolf
9710294943,TRUE,12/29/2013 12:02,12/29/2013 12:02:31 PM,-111.896567,57.250318,-10,4.8,312.32,gps,Canis lupus,13791,13791,ABoVE: Boutin Alberta Grey Wolf
9710294944,TRUE,12/30/2013 0:00,12/30/2013 12:00:43 AM,-111.965928,57.236854,-5,2,332.94,gps,Canis lupus,13791,13791,ABoVE: Boutin Alberta Grey Wolf
9710294945,TRUE,12/30/2013 12:39,12/30/2013 12:39:43 PM,-111.967968,57.23221,-14,2,318.54,gps,Canis lupus,13791,13791,ABoVE: Boutin Alberta Grey Wolf
9710294946,TRUE,12/31/2013 13:37,12/31/2013 1:37:13 PM,-112.104641,57.261119,-9,1.8,413.8,gps,Canis lupus,13791,13791,ABoVE: Boutin Alberta Grey Wolf
9710294947,TRUE,1/1/2014 5:43,1/1/2014 5:43:14 AM,-112.132885,57.269158,-10,1.4,456.46,gps,Canis lupus,13791,13791,ABoVE: Boutin Alberta Grey Wolf
9710294948,TRUE,1/1/2014 12:00,1/1/2014 12:00:47 PM,-112.132915,57.269142,-8,2.2,455.19,gps,Canis lupus,13791,13791,ABoVE: Boutin Alberta Grey Wolf
9710294949,TRUE,1/2/2014 0:00,1/2/2014 12:00:44 AM,-112.133167,57.269073,-7,1.8,462.54,gps,Canis lupus,13791,13791,ABoVE: Boutin Alberta Grey Wolf
9710294950,TRUE,1/2/2014 12:00,1/2/2014 12:00:44 PM,-112.132137,57.272944,-4,2.2,463.61,gps,Canis lupus,13791,13791,ABoVE: Boutin Alberta Grey Wolf
9710294951,TRUE,1/3/2014 0:01,1/3/2014 12:01:59 AM,-112.159699,57.234285,1,7.4,433.82,gps,Canis lupus,13791,13791,ABoVE: Boutin Alberta Grey Wolf
9710294952,TRUE,1/4/2014 0:00,1/4/2014 12:00:44 AM,-111.984583,57.19134,-2,2.4,352.92,gps,Canis lupus,13791,13791,ABoVE: Boutin Alberta Grey Wolf
9710294953,TRUE,1/4/2014 12:00,1/4/2014 12:00:44 PM,-111.984849,57.191698,-12,2,351.04,gps,Canis lupus,13791,13791,ABoVE: Boutin Alberta Grey Wolf
9710294954,TRUE,1/5/2014 0:00,1/5/2014 12:00:44 AM,-111.961526,57.242722,-15,1.6,333.4,gps,Canis lupus,13791,13791,ABoVE: Boutin Alberta Grey Wolf
9710294955,TRUE,1/5/2014 12:00,1/5/2014 12:00:44 PM,-111.857371,57.221977,-10,1.6,310.15,gps,Canis lupus,13791,13791,ABoVE: Boutin Alberta Grey Wolf
9710294956,TRUE,1/6/2014 0:00,1/6/2014 12:00:44 AM,-111.858217,57.200279,-8,2.2,301.39,gps,Canis lupus,13791,13791,ABoVE: Boutin Alberta Grey Wolf
9710294957,TRUE,1/6/2014 12:00,1/6/2014 12:00:44 PM,-111.751272,57.084191,-15,1.6,309.01,gps,Canis lupus,13791,13791,ABoVE: Boutin Alberta Grey Wolf
9710294958,TRUE,1/7/2014 23:35,1/7/2014 11:35:08 PM,-111.788036,57.14405,-13,5.2,307.05,gps,Canis lupus,13791,13791,ABoVE: Boutin Alberta Grey Wolf
9710294959,TRUE,1/8/2014 0:00,1/8/2014 12:00:13 AM,-111.78581,57.156623,-13,5,295.7,gps,Canis lupus,13791,13791,ABoVE: Boutin Alberta Grey Wolf
9710294960,TRUE,1/8/2014 12:21,1/8/2014 12:21:38 PM,-111.772182,57.239812,-3,1.8,287.44,gps,Canis lupus,13791,13791,ABoVE: Boutin Alberta Grey Wolf
9710294961,TRUE,1/9/2014 0:00,1/9/2014 12:00:38 AM,-111.96301,57.268465,3,2.6,337.26,gps,Canis lupus,13791,13791,ABoVE: Boutin Alberta Grey Wolf
9710294962,TRUE,1/9/2014 19:23,1/9/2014 7:23:14 PM,-111.914491,57.301615,7,2.4,321.42,gps,Canis lupus,13791,13791,ABoVE: Boutin Alberta Grey Wolf
9710294963,TRUE,1/10/2014 9:01,1/10/2014 9:01:39 AM,-111.916728,57.278057,2,1.6,325.94,gps,Canis lupus,13791,13791,ABoVE: Boutin Alberta Grey Wolf
9710294964,TRUE,1/10/2014 9:10,1/10/2014 9:10:12 AM,-111.915813,57.280893,2,1.6,317.91,gps,Canis lupus,13791,13791,ABoVE: Boutin Alberta Grey Wolf
9710294965,TRUE,1/10/2014 9:20,1/10/2014 9:20:12 AM,-111.909801,57.282214,2,2.4,320.88,gps,Canis lupus,13791,13791,ABoVE: Boutin Alberta Grey Wolf
9710294966,TRUE,1/10/2014 9:30,1/10/2014 9:30:12 AM,-111.906068,57.281395,2,2,322.42,gps,Canis lupus,13791,13791,ABoVE: Boutin Alberta Grey Wolf
9710294967,TRUE,1/10/2014 9:40,1/10/2014 9:40:12 AM,-111.908532,57.279761,2,2,337.14,gps,Canis lupus,13791,13791,ABoVE: Boutin Alberta Grey Wolf
9710294968,TRUE,1/10/2014 9:50,1/10/2014 9:50:13 AM,-111.911147,57.279101,2,2,320.18,gps,Canis lupus,13791,13791,ABoVE: Boutin Alberta Grey Wolf
9710294969,TRUE,1/10/2014 10:00,1/10/2014 10:00:27 AM,-111.916667,57.278399,3,3.4,322.81,gps,Canis lupus,13791,13791,ABoVE: Boutin Alberta Grey Wolf
9710294970,TRUE,1/10/2014 10:10,1/10/2014 10:10:45 AM,-111.91642,57.280102,2,2,319.8,gps,Canis lupus,13791,13791,ABoVE: Boutin Alberta Grey Wolf
9710294971,TRUE,1/10/2014 10:20,1/10/2014 10:20:12 AM,-111.916762,57.279156,3,2,318.61,gps,Canis lupus,13791,13791,ABoVE: Boutin Alberta Grey Wolf
9710294972,TRUE,1/10/2014 10:30,1/10/2014 10:30:11 AM,-111.916809,57.278247,3,2,326.61,gps,Canis lupus,13791,13791,ABoVE: Boutin Alberta Grey Wolf
9710294973,TRUE,1/10/2014 10:40,1/10/2014 10:40:12 AM,-111.916712,57.27897,3,2,320.03,gps,Canis lupus,13791,13791,ABoVE: Boutin Alberta Grey Wolf
9710294974,TRUE,1/10/2014 10:50,1/10/2014 10:50:12 AM,-111.920428,57.27605,3,1.8,319.77,gps,Canis lupus,13791,13791,ABoVE: Boutin Alberta Grey Wolf
9710294975,TRUE,1/10/2014 11:00,1/10/2014 11:00:12 AM,-111.92107,57.27275,2,1.6,322.98,gps,Canis lupus,13791,13791,ABoVE: Boutin Alberta Grey Wolf
9710294976,TRUE,1/10/2014 11:10,1/10/2014 11:10:12 AM,-111.920748,57.27211,2,3.4,321.23,gps,Canis lupus,13791,13791,ABoVE: Boutin Alberta Grey Wolf
9710294977,TRUE,1/10/2014 11:20,1/10/2014 11:20:12 AM,-111.914794,57.273674,2,2.8,321,gps,Canis lupus,13791,13791,ABoVE: Boutin Alberta Grey Wolf
9710294978,TRUE,1/10/2014 11:30,1/10/2014 11:30:12 AM,-111.907667,57.267937,2,2.4,322.73,gps,Canis lupus,13791,13791,ABoVE: Boutin Alberta Grey Wolf
9710294979,TRUE,1/10/2014 11:40,1/10/2014 11:40:12 AM,-111.898437,57.266823,2,2.2,321.63,gps,Canis lupus,13791,13791,ABoVE: Boutin Alberta Grey Wolf
9710294980,TRUE,1/10/2014 11:50,1/10/2014 11:50:13 AM,-111.891644,57.265085,2,2,329.6,gps,Canis lupus,13791,13791,ABoVE: Boutin Alberta Grey Wolf
9710294981,TRUE,1/10/2014 12:00,1/10/2014 12:00:12 PM,-111.894158,57.266423,1,2,319.41,gps,Canis lupus,13791,13791,ABoVE: Boutin Alberta Grey Wolf
9710294982,TRUE,1/10/2014 12:10,1/10/2014 12:10:15 PM,-111.898332,57.266605,2,2,322.98,gps,Canis lupus,13791,13791,ABoVE: Boutin Alberta Grey Wolf
9710294983,TRUE,1/10/2014 12:20,1/10/2014 12:20:22 PM,-111.893931,57.266458,3,1.8,319.27,gps,Canis lupus,13791,13791,ABoVE: Boutin Alberta Grey Wolf
9710294984,TRUE,1/10/2014 12:30,1/10/2014 12:30:52 PM,-111.897626,57.267303,2,3.2,332.46,gps,Canis lupus,13791,13791,ABoVE: Boutin Alberta Grey Wolf
9710294985,TRUE,1/10/2014 12:40,1/10/2014 12:40:12 PM,-111.897408,57.266443,2,3,313.2,gps,Canis lupus,13791,13791,ABoVE: Boutin Alberta Grey Wolf
9710294986,TRUE,1/10/2014 12:50,1/10/2014 12:50:42 PM,-111.892386,57.266428,2,1.4,316.63,gps,Canis lupus,13791,13791,ABoVE: Boutin Alberta Grey Wolf
9710294987,TRUE,1/10/2014 13:00,1/10/2014 1:00:16 PM,-111.892386,57.266419,3,1.6,314.95,gps,Canis lupus,13791,13791,ABoVE: Boutin Alberta Grey Wolf
9710294988,TRUE,1/10/2014 13:10,1/10/2014 1:10:12 PM,-111.892386,57.266428,3,1.6,316.63,gps,Canis lupus,13791,13791,ABoVE: Boutin Alberta Grey Wolf
9710294989,TRUE,1/10/2014 13:20,1/10/2014 1:20:12 PM,-111.892417,57.266413,3,2,315.35,gps,Canis lupus,13791,13791,ABoVE: Boutin Alberta Grey Wolf
9710294990,TRUE,1/10/2014 13:30,1/10/2014 1:30:11 PM,-111.892386,57.266419,2,2,314.95,gps,Canis lupus,13791,13791,ABoVE: Boutin Alberta Grey Wolf
9710294991,TRUE,1/10/2014 13:40,1/10/2014 1:40:11 PM,-111.892398,57.266423,2,2.2,312.26,gps,Canis lupus,13791,13791,ABoVE: Boutin Alberta Grey Wolf
9710294992,TRUE,1/10/2014 13:50,1/10/2014 1:50:12 PM,-111.892392,57.266395,1,2,319.04,gps,Canis lupus,13791,13791,ABoVE: Boutin Alberta Grey Wolf
9710294993,TRUE,1/10/2014 14:00,1/10/2014 2:00:12 PM,-111.892373,57.266414,2,2,317.63,gps,Canis lupus,13791,13791,ABoVE: Boutin Alberta Grey Wolf
9710294994,TRUE,1/10/2014 14:10,1/10/2014 2:10:12 PM,-111.892435,57.266403,2,1.6,318.44,gps,Canis lupus,13791,13791,ABoVE: Boutin Alberta Grey Wolf
9710294995,TRUE,1/10/2014 14:20,1/10/2014 2:20:12 PM,-111.892386,57.266419,3,1.6,314.95,gps,Canis lupus,13791,13791,ABoVE: Boutin Alberta Grey Wolf
9710294996,TRUE,1/10/2014 14:30,1/10/2014 2:30:12 PM,-111.894755,57.26643,3,2,323.61,gps,Canis lupus,13791,13791,ABoVE: Boutin Alberta Grey Wolf
9710294997,TRUE,1/10/2014 14:40,1/10/2014 2:40:13 PM,-111.899215,57.267744,2,1.8,324.67,gps,Canis lupus,13791,13791,ABoVE: Boutin Alberta Grey Wolf
9710294998,TRUE,1/10/2014 14:50,1/10/2014 2:50:13 PM,-111.899203,57.26773,3,1.6,325.68,gps,Canis lupus,13791,13791,ABoVE: Boutin Alberta Grey Wolf
9710294999,TRUE,1/10/2014 15:00,1/10/2014 3:00:14 PM,-111.899178,57.267764,4,2.8,318.5,gps,Canis lupus,13791,13791,ABoVE: Boutin Alberta Grey Wolf
9710295000,TRUE,1/10/2014 15:10,1/10/2014 3:10:13 PM,-111.899191,57.267788,5,2.8,319.18,gps,Canis lupus,13791,13791,ABoVE: Boutin Alberta Grey Wolf
9710295001,TRUE,1/10/2014 15:20,1/10/2014 3:20:12 PM,-111.899283,57.267819,5,2.8,328.8,gps,Canis lupus,13791,13791,ABoVE: Boutin Alberta Grey Wolf
9710295002,TRUE,1/10/2014 15:30,1/10/2014 3:30:14 PM,-111.899209,57.267826,6,2.6,330.68,gps,Canis lupus,13791,13791,ABoVE: Boutin Alberta Grey Wolf
9710295003,TRUE,1/10/2014 15:40,1/10/2014 3:40:14 PM,-111.898876,57.267634,7,2.6,330.2,gps,Canis lupus,13791,13791,ABoVE: Boutin Alberta Grey Wolf
9710295004,TRUE,1/10/2014 15:50,1/10/2014 3:50:45 PM,-111.899147,57.267727,7,1.6,330.65,gps,Canis lupus,13791,13791,ABoVE: Boutin Alberta Grey Wolf
9710295005,TRUE,1/10/2014 16:00,1/10/2014 4:00:12 PM,-111.899178,57.267812,8,1.6,326.91,gps,Canis lupus,13791,13791,ABoVE: Boutin Alberta Grey Wolf
9710295006,TRUE,1/10/2014 16:10,1/10/2014 4:10:44 PM,-111.899197,57.267764,8,2,323.27,gps,Canis lupus,13791,13791,ABoVE: Boutin Alberta Grey Wolf
9710295007,TRUE,1/10/2014 16:20,1/10/2014 4:20:12 PM,-111.899215,57.267783,9,2.6,331.4,gps,Canis lupus,13791,13791,ABoVE: Boutin Alberta Grey Wolf
9710295008,TRUE,1/10/2014 16:30,1/10/2014 4:30:12 PM,-111.899221,57.267763,9,2.8,316.21,gps,Canis lupus,13791,13791,ABoVE: Boutin Alberta Grey Wolf
9710295009,TRUE,1/10/2014 16:40,1/10/2014 4:40:12 PM,-111.899209,57.267807,9,3,327.31,gps,Canis lupus,13791,13791,ABoVE: Boutin Alberta Grey Wolf
9710295010,TRUE,1/10/2014 16:50,1/10/2014 4:50:13 PM,-111.899191,57.267749,9,2.8,312.45,gps,Canis lupus,13791,13791,ABoVE: Boutin Alberta Grey Wolf
9710295011,TRUE,1/10/2014 17:00,1/10/2014 5:00:12 PM,-111.899228,57.267771,9,2.6,306.07,gps,Canis lupus,13791,13791,ABoVE: Boutin Alberta Grey Wolf
9710295012,TRUE,1/10/2014 17:10,1/10/2014 5:10:12 PM,-111.899209,57.267768,9,2.2,320.58,gps,Canis lupus,13791,13791,ABoVE: Boutin Alberta Grey Wolf
9710295013,TRUE,1/10/2014 17:20,1/10/2014 5:20:12 PM,-111.899221,57.267772,9,2,317.9,gps,Canis lupus,13791,13791,ABoVE: Boutin Alberta Grey Wolf
9710295014,TRUE,1/10/2014 17:30,1/10/2014 5:30:13 PM,-111.899264,57.26782,9,1.8,324.03,gps,Canis lupus,13791,13791,ABoVE: Boutin Alberta Grey Wolf
9710295015,TRUE,1/10/2014 17:40,1/10/2014 5:40:13 PM,-111.899246,57.267777,8,1.6,331.81,gps,Canis lupus,13791,13791,ABoVE: Boutin Alberta Grey Wolf
9710295016,TRUE,1/10/2014 17:50,1/10/2014 5:50:13 PM,-111.899227,57.267797,7,1.8,330.4,gps,Canis lupus,13791,13791,ABoVE: Boutin Alberta Grey Wolf
9710295017,TRUE,1/10/2014 18:00,1/10/2014 6:00:45 PM,-111.89927,57.267786,6,1.4,326.44,gps,Canis lupus,13791,13791,ABoVE: Boutin Alberta Grey Wolf
9710295018,TRUE,1/10/2014 18:10,1/10/2014 6:10:12 PM,-111.899227,57.267777,4,2.4,327.04,gps,Canis lupus,13791,13791,ABoVE: Boutin Alberta Grey Wolf
9710295019,TRUE,1/10/2014 18:20,1/10/2014 6:20:13 PM,-111.89924,57.267772,3,2.4,322.67,gps,Canis lupus,13791,13791,ABoVE: Boutin Alberta Grey Wolf
9710295020,TRUE,1/10/2014 18:30,1/10/2014 6:30:13 PM,-111.899227,57.267826,2,2.2,335.45,gps,Canis lupus,13791,13791,ABoVE: Boutin Alberta Grey Wolf
9710295021,TRUE,1/10/2014 18:53,1/10/2014 6:53:49 PM,-111.899209,57.267778,2,3.2,322.26,gps,Canis lupus,13791,13791,ABoVE: Boutin Alberta Grey Wolf
9710295022,TRUE,1/10/2014 19:00,1/10/2014 7:00:13 PM,-111.899209,57.267768,2,3.6,320.58,gps,Canis lupus,13791,13791,ABoVE: Boutin Alberta Grey Wolf
9710295023,TRUE,1/10/2014 19:10,1/10/2014 7:10:13 PM,-111.899172,57.267798,2,3,316.09,gps,Canis lupus,13791,13791,ABoVE: Boutin Alberta Grey Wolf
9710295024,TRUE,1/10/2014 19:20,1/10/2014 7:20:13 PM,-111.899252,57.267776,2,2.6,319.98,gps,Canis lupus,13791,13791,ABoVE: Boutin Alberta Grey Wolf
9710295025,TRUE,1/10/2014 19:30,1/10/2014 7:30:14 PM,-111.89897,57.26825,2,2.4,321.71,gps,Canis lupus,13791,13791,ABoVE: Boutin Alberta Grey Wolf
9710295026,TRUE,1/10/2014 19:40,1/10/2014 7:40:13 PM,-111.897913,57.268837,2,2.2,320.13,gps,Canis lupus,13791,13791,ABoVE: Boutin Alberta Grey Wolf
9710295027,TRUE,1/10/2014 19:50,1/10/2014 7:50:13 PM,-111.897397,57.26925,3,2,316.72,gps,Canis lupus,13791,13791,ABoVE: Boutin Alberta Grey Wolf
9710295028,TRUE,1/10/2014 20:00,1/10/2014 8:00:14 PM,-111.897457,57.270907,4,1.8,319.39,gps,Canis lupus,13791,13791,ABoVE: Boutin Alberta Grey Wolf
9710295029,TRUE,1/10/2014 20:10,1/10/2014 8:10:14 PM,-111.896271,57.271829,2,1.8,322.34,gps,Canis lupus,13791,13791,ABoVE: Boutin Alberta Grey Wolf
9710295030,TRUE,1/10/2014 20:20,1/10/2014 8:20:13 PM,-111.89713,57.270771,1,1.8,317.19,gps,Canis lupus,13791,13791,ABoVE: Boutin Alberta Grey Wolf
9710295031,TRUE,1/10/2014 20:30,1/10/2014 8:30:17 PM,-111.89721,57.270721,3,5.2,316.04,gps,Canis lupus,13791,13791,ABoVE: Boutin Alberta Grey Wolf
9710295032,TRUE,1/10/2014 20:40,1/10/2014 8:40:45 PM,-111.897494,57.271088,3,1.8,320.66,gps,Canis lupus,13791,13791,ABoVE: Boutin Alberta Grey Wolf
9710295033,TRUE,1/10/2014 20:50,1/10/2014 8:50:13 PM,-111.897439,57.271066,3,1.8,322.26,gps,Canis lupus,13791,13791,ABoVE: Boutin Alberta Grey Wolf
9710295034,TRUE,1/10/2014 21:00,1/10/2014 9:00:13 PM,-111.896111,57.271679,3,2.4,321.15,gps,Canis lupus,13791,13791,ABoVE: Boutin Alberta Grey Wolf
9710295035,TRUE,1/10/2014 21:10,1/10/2014 9:10:17 PM,-111.893108,57.272296,3,2.2,329.29,gps,Canis lupus,13791,13791,ABoVE: Boutin Alberta Grey Wolf
9710295036,TRUE,1/10/2014 21:20,1/10/2014 9:20:17 PM,-111.881914,57.271245,3,2,318.97,gps,Canis lupus,13791,13791,ABoVE: Boutin Alberta Grey Wolf
9710295037,TRUE,1/10/2014 21:30,1/10/2014 9:30:13 PM,-111.881993,57.268022,2,1.8,314.26,gps,Canis lupus,13791,13791,ABoVE: Boutin Alberta Grey Wolf
9710295038,TRUE,1/10/2014 21:40,1/10/2014 9:40:13 PM,-111.885982,57.262746,1,2.2,316.34,gps,Canis lupus,13791,13791,ABoVE: Boutin Alberta Grey Wolf
9710295039,TRUE,1/10/2014 21:50,1/10/2014 9:50:14 PM,-111.897261,57.259595,1,1.6,328.01,gps,Canis lupus,13791,13791,ABoVE: Boutin Alberta Grey Wolf
9710295040,TRUE,1/10/2014 22:00,1/10/2014 10:00:13 PM,-111.910543,57.26023,1,1.8,320.55,gps,Canis lupus,13791,13791,ABoVE: Boutin Alberta Grey Wolf
9710295041,TRUE,1/10/2014 22:10,1/10/2014 10:10:59 PM,-111.919835,57.26401,1,2.4,340,gps,Canis lupus,13791,13791,ABoVE: Boutin Alberta Grey Wolf
9710295042,TRUE,1/10/2014 22:20,1/10/2014 10:20:42 PM,-111.919976,57.263818,2,2,337.07,gps,Canis lupus,13791,13791,ABoVE: Boutin Alberta Grey Wolf
9710295043,TRUE,1/10/2014 22:30,1/10/2014 10:30:13 PM,-111.92004,57.264609,3,2,337.49,gps,Canis lupus,13791,13791,ABoVE: Boutin Alberta Grey Wolf
9710295044,TRUE,1/10/2014 22:40,1/10/2014 10:40:12 PM,-111.918326,57.267631,2,1.8,325.62,gps,Canis lupus,13791,13791,ABoVE: Boutin Alberta Grey Wolf
9710295045,TRUE,1/10/2014 22:50,1/10/2014 10:50:13 PM,-111.927232,57.272876,1,1.8,330.57,gps,Canis lupus,13791,13791,ABoVE: Boutin Alberta Grey Wolf
9710295046,TRUE,1/10/2014 23:00,1/10/2014 11:00:12 PM,-111.929644,57.276134,0,1.6,325.62,gps,Canis lupus,13791,13791,ABoVE: Boutin Alberta Grey Wolf
9710295047,TRUE,1/10/2014 23:10,1/10/2014 11:10:13 PM,-111.932079,57.278605,1,1.6,336.66,gps,Canis lupus,13791,13791,ABoVE: Boutin Alberta Grey Wolf
9710295048,TRUE,1/10/2014 23:20,1/10/2014 11:20:14 PM,-111.934347,57.281083,1,2.2,325.73,gps,Canis lupus,13791,13791,ABoVE: Boutin Alberta Grey Wolf
9710295049,TRUE,1/10/2014 23:30,1/10/2014 11:30:14 PM,-111.939127,57.283059,1,2,324.6,gps,Canis lupus,13791,13791,ABoVE: Boutin Alberta Grey Wolf
9710295050,TRUE,1/10/2014 23:40,1/10/2014 11:40:15 PM,-111.942873,57.283679,2,2,325.36,gps,Canis lupus,13791,13791,ABoVE: Boutin Alberta Grey Wolf
9710295051,TRUE,1/10/2014 23:50,1/10/2014 11:50:18 PM,-111.94348,57.284576,3,7.2,332.53,gps,Canis lupus,13791,13791,ABoVE: Boutin Alberta Grey Wolf
9710295052,TRUE,1/11/2014 0:00,1/11/2014 12:00:42 AM,-111.942991,57.28384,2,13.6,330.52,gps,Canis lupus,13791,13791,ABoVE: Boutin Alberta Grey Wolf
9710295053,TRUE,1/11/2014 0:10,1/11/2014 12:10:14 AM,-111.942978,57.283826,2,2,331.53,gps,Canis lupus,13791,13791,ABoVE: Boutin Alberta Grey Wolf
9710295054,TRUE,1/11/2014 0:20,1/11/2014 12:20:13 AM,-111.942972,57.28385,1,1.8,327.43,gps,Canis lupus,13791,13791,ABoVE: Boutin Alberta Grey Wolf
9710295055,TRUE,1/11/2014 0:42,1/11/2014 12:42:21 AM,-111.942972,57.28386,0,2,329.12,gps,Canis lupus,13791,13791,ABoVE: Boutin Alberta Grey Wolf
9710295056,TRUE,1/11/2014 0:50,1/11/2014 12:50:13 AM,-111.942991,57.28384,-1,2,330.52,gps,Canis lupus,13791,13791,ABoVE: Boutin Alberta Grey Wolf
9710295057,TRUE,1/11/2014 1:00,1/11/2014 1:00:18 AM,-111.942984,57.283812,-1,3.4,337.3,gps,Canis lupus,13791,13791,ABoVE: Boutin Alberta Grey Wolf
9710295058,TRUE,1/11/2014 1:10,1/11/2014 1:10:18 AM,-111.942947,57.283822,-2,3,329.44,gps,Canis lupus,13791,13791,ABoVE: Boutin Alberta Grey Wolf
9710295059,TRUE,1/11/2014 1:20,1/11/2014 1:20:29 AM,-111.942979,57.283839,-2,2.8,313.93,gps,Canis lupus,13791,13791,ABoVE: Boutin Alberta Grey Wolf
9710295060,TRUE,1/11/2014 1:30,1/11/2014 1:30:45 AM,-111.942947,57.283832,-3,2,331.12,gps,Canis lupus,13791,13791,ABoVE: Boutin Alberta Grey Wolf
9710295061,TRUE,1/11/2014 1:40,1/11/2014 1:40:13 AM,-111.943009,57.283811,-3,2,330.25,gps,Canis lupus,13791,13791,ABoVE: Boutin Alberta Grey Wolf
9710295062,TRUE,1/11/2014 1:50,1/11/2014 1:50:13 AM,-111.942947,57.283822,-3,1.8,329.44,gps,Canis lupus,13791,13791,ABoVE: Boutin Alberta Grey Wolf
9710295063,TRUE,1/11/2014 2:00,1/11/2014 2:00:13 AM,-111.942985,57.283874,-4,1.6,328.11,gps,Canis lupus,13791,13791,ABoVE: Boutin Alberta Grey Wolf
9710295064,TRUE,1/11/2014 2:10,1/11/2014 2:10:13 AM,-111.942947,57.283832,-4,1.4,331.12,gps,Canis lupus,13791,13791,ABoVE: Boutin Alberta Grey Wolf
9710295065,TRUE,1/11/2014 2:20,1/11/2014 2:20:13 AM,-111.943028,57.283834,-4,1.4,319.1,gps,Canis lupus,13791,13791,ABoVE: Boutin Alberta Grey Wolf
9710295066,TRUE,1/11/2014 2:30,1/11/2014 2:30:14 AM,-111.942991,57.28383,-4,1.6,328.84,gps,Canis lupus,13791,13791,ABoVE: Boutin Alberta Grey Wolf
9710295067,TRUE,1/11/2014 2:40,1/11/2014 2:40:14 AM,-111.943094,57.283703,-5,1.4,347.42,gps,Canis lupus,13791,13791,ABoVE: Boutin Alberta Grey Wolf
9710295068,TRUE,1/11/2014 2:50,1/11/2014 2:50:35 AM,-111.946587,57.282264,-4,2,338.68,gps,Canis lupus,13791,13791,ABoVE: Boutin Alberta Grey Wolf
9710295069,TRUE,1/11/2014 3:01,1/11/2014 3:01:02 AM,-111.951851,57.283592,-3,6.4,338.78,gps,Canis lupus,13791,13791,ABoVE: Boutin Alberta Grey Wolf
9710295070,TRUE,1/11/2014 3:10,1/11/2014 3:10:44 AM,-111.951511,57.286476,-3,5,348.77,gps,Canis lupus,13791,13791,ABoVE: Boutin Alberta Grey Wolf
9710295071,TRUE,1/11/2014 3:20,1/11/2014 3:20:13 AM,-111.951859,57.287095,-2,5.2,340.12,gps,Canis lupus,13791,13791,ABoVE: Boutin Alberta Grey Wolf
9710295072,TRUE,1/11/2014 3:30,1/11/2014 3:30:13 AM,-111.952837,57.286779,-2,5,341.31,gps,Canis lupus,13791,13791,ABoVE: Boutin Alberta Grey Wolf
9710295073,TRUE,1/11/2014 3:40,1/11/2014 3:40:16 AM,-111.953609,57.290386,-2,4.6,347.14,gps,Canis lupus,13791,13791,ABoVE: Boutin Alberta Grey Wolf
9710295074,TRUE,1/11/2014 3:50,1/11/2014 3:50:16 AM,-111.953566,57.290359,-2,4,344.37,gps,Canis lupus,13791,13791,ABoVE: Boutin Alberta Grey Wolf
9710295075,TRUE,1/11/2014 4:00,1/11/2014 4:00:05 AM,-111.953639,57.290361,-1,3.6,344.18,gps,Canis lupus,13791,13791,ABoVE: Boutin Alberta Grey Wolf
9710295076,TRUE,1/11/2014 4:10,1/11/2014 4:10:14 AM,-111.953572,57.290397,-2,3.2,339.28,gps,Canis lupus,13791,13791,ABoVE: Boutin Alberta Grey Wolf
9710295077,TRUE,1/11/2014 6:15,1/11/2014 6:15:51 AM,-111.956085,57.302164,-2,4,358.18,gps,Canis lupus,13791,13791,ABoVE: Boutin Alberta Grey Wolf
9710295078,TRUE,1/11/2014 6:20,1/11/2014 6:20:18 AM,-111.958685,57.30361,-1,5.6,354.66,gps,Canis lupus,13791,13791,ABoVE: Boutin Alberta Grey Wolf
9710295079,TRUE,1/11/2014 6:30,1/11/2014 6:30:10 AM,-111.961126,57.306843,-2,5.6,358.82,gps,Canis lupus,13791,13791,ABoVE: Boutin Alberta Grey Wolf
9710295080,TRUE,1/11/2014 6:40,1/11/2014 6:40:09 AM,-111.96336,57.310543,-2,5.8,362.87,gps,Canis lupus,13791,13791,ABoVE: Boutin Alberta Grey Wolf
9710295081,TRUE,1/11/2014 6:50,1/11/2014 6:50:10 AM,-111.964716,57.311985,-2,6,366.73,gps,Canis lupus,13791,13791,ABoVE: Boutin Alberta Grey Wolf
9710295082,TRUE,1/11/2014 7:00,1/11/2014 7:00:10 AM,-111.967066,57.313746,-2,6.4,378.74,gps,Canis lupus,13791,13791,ABoVE: Boutin Alberta Grey Wolf
9710295083,TRUE,1/11/2014 7:10,1/11/2014 7:10:10 AM,-111.967041,57.313718,-2,6.8,380.74,gps,Canis lupus,13791,13791,ABoVE: Boutin Alberta Grey Wolf
9710295084,TRUE,1/11/2014 7:20,1/11/2014 7:20:07 AM,-111.967035,57.313713,-1,7.4,371.6,gps,Canis lupus,13791,13791,ABoVE: Boutin Alberta Grey Wolf
9710295085,TRUE,1/11/2014 7:30,1/11/2014 7:30:10 AM,-111.966893,57.313751,-1,8.4,387.86,gps,Canis lupus,13791,13791,ABoVE: Boutin Alberta Grey Wolf
9710295086,TRUE,1/11/2014 7:40,1/11/2014 7:40:11 AM,-111.966881,57.31377,0,9.8,374.63,gps,Canis lupus,13791,13791,ABoVE: Boutin Alberta Grey Wolf
9710295087,TRUE,1/11/2014 7:51,1/11/2014 7:51:33 AM,-111.966943,57.313831,0,2,367.94,gps,Canis lupus,13791,13791,ABoVE: Boutin Alberta Grey Wolf
9710295088,TRUE,1/11/2014 8:00,1/11/2014 8:00:15 AM,-111.966955,57.313845,2,1.8,366.94,gps,Canis lupus,13791,13791,ABoVE: Boutin Alberta Grey Wolf
9710295089,TRUE,1/11/2014 8:10,1/11/2014 8:10:15 AM,-111.966912,57.313827,2,1.8,365.85,gps,Canis lupus,13791,13791,ABoVE: Boutin Alberta Grey Wolf
9710295090,TRUE,1/11/2014 8:20,1/11/2014 8:20:14 AM,-111.966857,57.313837,3,3.8,353.22,gps,Canis lupus,13791,13791,ABoVE: Boutin Alberta Grey Wolf
9710295091,TRUE,1/11/2014 8:30,1/11/2014 8:30:15 AM,-111.966924,57.31374,4,3.8,367.3,gps,Canis lupus,13791,13791,ABoVE: Boutin Alberta Grey Wolf
9710295092,TRUE,1/11/2014 8:40,1/11/2014 8:40:14 AM,-111.9669,57.313784,3,3.8,361.8,gps,Canis lupus,13791,13791,ABoVE: Boutin Alberta Grey Wolf
9710295093,TRUE,1/11/2014 8:50,1/11/2014 8:50:16 AM,-111.967171,57.313844,2,3.8,376.5,gps,Canis lupus,13791,13791,ABoVE: Boutin Alberta Grey Wolf
9710295094,TRUE,1/14/2014 2:45,1/14/2014 2:45:09 AM,-111.967844,57.314085,-3,2.8,380.68,gps,Canis lupus,13791,13791,ABoVE: Boutin Alberta Grey Wolf
9710295095,TRUE,1/14/2014 2:50,1/14/2014 2:50:19 AM,-111.967954,57.314,-5,2.8,374.88,gps,Canis lupus,13791,13791,ABoVE: Boutin Alberta Grey Wolf
9710295096,TRUE,1/14/2014 3:00,1/14/2014 3:00:14 AM,-111.967825,57.314075,-9,3,374.22,gps,Canis lupus,13791,13791,ABoVE: Boutin Alberta Grey Wolf
9710295097,TRUE,1/14/2014 3:10,1/14/2014 3:10:13 AM,-111.967813,57.314071,-10,3,376.91,gps,Canis lupus,13791,13791,ABoVE: Boutin Alberta Grey Wolf
9710295098,TRUE,1/14/2014 3:20,1/14/2014 3:20:14 AM,-111.967813,57.314133,-12,3,367.73,gps,Canis lupus,13791,13791,ABoVE: Boutin Alberta Grey Wolf
9710295099,TRUE,1/14/2014 3:30,1/14/2014 3:30:14 AM,-111.967875,57.314131,-12,3,370.22,gps,Canis lupus,13791,13791,ABoVE: Boutin Alberta Grey Wolf
9710295100,TRUE,1/14/2014 3:40,1/14/2014 3:40:14 AM,-111.967838,57.31406,-10,3.2,368.17,gps,Canis lupus,13791,13791,ABoVE: Boutin Alberta Grey Wolf
9710295101,TRUE,1/14/2014 3:50,1/14/2014 3:50:14 AM,-111.967869,57.314116,-9,3,359.39,gps,Canis lupus,13791,13791,ABoVE: Boutin Alberta Grey Wolf
9710295102,TRUE,1/14/2014 4:00,1/14/2014 4:00:15 AM,-111.967862,57.314156,-8,3.4,377.95,gps,Canis lupus,13791,13791,ABoVE: Boutin Alberta Grey Wolf
9710295103,TRUE,1/14/2014 4:10,1/14/2014 4:10:14 AM,-111.96777,57.314105,-7,2.6,364.96,gps,Canis lupus,13791,13791,ABoVE: Boutin Alberta Grey Wolf
9710295104,TRUE,1/14/2014 4:20,1/14/2014 4:20:14 AM,-111.967758,57.314159,-4,2.4,377.74,gps,Canis lupus,13791,13791,ABoVE: Boutin Alberta Grey Wolf
9710295105,TRUE,1/14/2014 4:30,1/14/2014 4:30:14 AM,-111.967764,57.314125,-3,2.2,380.15,gps,Canis lupus,13791,13791,ABoVE: Boutin Alberta Grey Wolf
9710295106,TRUE,1/14/2014 4:40,1/14/2014 4:40:16 AM,-111.967906,57.314226,-2,2,368.17,gps,Canis lupus,13791,13791,ABoVE: Boutin Alberta Grey Wolf
9710295107,TRUE,1/14/2014 4:50,1/14/2014 4:50:06 AM,-111.967751,57.314073,-1,2,374.42,gps,Canis lupus,13791,13791,ABoVE: Boutin Alberta Grey Wolf
9710295108,TRUE,1/14/2014 5:00,1/14/2014 5:00:14 AM,-111.966838,57.313872,-2,1.8,374.46,gps,Canis lupus,13791,13791,ABoVE: Boutin Alberta Grey Wolf
9710295109,TRUE,1/14/2014 5:10,1/14/2014 5:10:26 AM,-111.966894,57.313875,-2,2.2,369.49,gps,Canis lupus,13791,13791,ABoVE: Boutin Alberta Grey Wolf
9710295110,TRUE,1/14/2014 5:25,1/14/2014 5:25:59 AM,-111.966634,57.31387,-2,5.8,400.78,gps,Canis lupus,13791,13791,ABoVE: Boutin Alberta Grey Wolf
9710295111,TRUE,1/14/2014 5:30,1/14/2014 5:30:17 AM,-111.967054,57.313992,-1,6.2,384.94,gps,Canis lupus,13791,13791,ABoVE: Boutin Alberta Grey Wolf
9710295112,TRUE,1/14/2014 6:13,1/14/2014 6:13:14 AM,-111.966968,57.313868,-1,4.2,367.62,gps,Canis lupus,13791,13791,ABoVE: Boutin Alberta Grey Wolf
9710295113,TRUE,1/14/2014 6:20,1/14/2014 6:20:19 AM,-111.966868,57.313747,0,4.2,373.95,gps,Canis lupus,13791,13791,ABoVE: Boutin Alberta Grey Wolf
9710295114,TRUE,1/14/2014 6:30,1/14/2014 6:30:12 AM,-111.96698,57.313834,1,4.2,358.2,gps,Canis lupus,13791,13791,ABoVE: Boutin Alberta Grey Wolf
9710295115,TRUE,1/14/2014 6:40,1/14/2014 6:40:12 AM,-111.966955,57.313806,0,4.2,360.2,gps,Canis lupus,13791,13791,ABoVE: Boutin Alberta Grey Wolf
9710295116,TRUE,1/14/2014 6:50,1/14/2014 6:50:11 AM,-111.96706,57.313822,0,4.2,363.78,gps,Canis lupus,13791,13791,ABoVE: Boutin Alberta Grey Wolf
9710295117,TRUE,1/14/2014 7:00,1/14/2014 7:00:14 AM,-111.967122,57.313786,1,7,340.26,gps,Canis lupus,13791,13791,ABoVE: Boutin Alberta Grey Wolf
9710295118,TRUE,1/14/2014 12:39,1/14/2014 12:39:02 PM,-111.967084,57.313779,-2,3,369.28,gps,Canis lupus,13791,13791,ABoVE: Boutin Alberta Grey Wolf
9710295119,TRUE,1/14/2014 12:40,1/14/2014 12:40:12 PM,-111.967158,57.31383,-2,3.2,377.5,gps,Canis lupus,13791,13791,ABoVE: Boutin Alberta Grey Wolf
9710295120,TRUE,1/14/2014 13:08,1/14/2014 1:08:46 PM,-111.967152,57.313782,-3,3.4,380.91,gps,Canis lupus,13791,13791,ABoVE: Boutin Alberta Grey Wolf
9710295121,TRUE,1/14/2014 13:10,1/14/2014 1:10:15 PM,-111.967146,57.313641,-3,3.2,348.2,gps,Canis lupus,13791,13791,ABoVE: Boutin Alberta Grey Wolf
9710295122,TRUE,1/14/2014 13:53,1/14/2014 1:53:24 PM,-111.967023,57.313862,0,1.8,360.97,gps,Canis lupus,13791,13791,ABoVE: Boutin Alberta Grey Wolf
9710295123,TRUE,1/14/2014 14:15,1/14/2014 2:15:53 PM,-111.966936,57.313831,1,4.2,379.76,gps,Canis lupus,13791,13791,ABoVE: Boutin Alberta Grey Wolf
9710295124,TRUE,1/14/2014 14:20,1/14/2014 2:20:10 PM,-111.966986,57.313849,1,2,369.02,gps,Canis lupus,13791,13791,ABoVE: Boutin Alberta Grey Wolf
9710295125,TRUE,1/14/2014 14:30,1/14/2014 2:30:50 PM,-111.967011,57.313857,1,1.8,363.65,gps,Canis lupus,13791,13791,ABoVE: Boutin Alberta Grey Wolf
9710295126,TRUE,1/14/2014 15:28,1/14/2014 3:28:15 PM,-111.968935,57.314096,2,2.6,367.95,gps,Canis lupus,13791,13791,ABoVE: Boutin Alberta Grey Wolf
9710295127,TRUE,1/14/2014 15:30,1/14/2014 3:30:17 PM,-111.968922,57.314131,1,2.6,377.37,gps,Canis lupus,13791,13791,ABoVE: Boutin Alberta Grey Wolf
9710295128,TRUE,1/14/2014 15:40,1/14/2014 3:40:10 PM,-111.968921,57.314114,1,2.6,414.25,gps,Canis lupus,13791,13791,ABoVE: Boutin Alberta Grey Wolf
9710295129,TRUE,1/14/2014 15:50,1/14/2014 3:50:10 PM,-111.968898,57.314155,0,2.6,368.51,gps,Canis lupus,13791,13791,ABoVE: Boutin Alberta Grey Wolf
9710295130,TRUE,1/14/2014 16:00,1/14/2014 4:00:11 PM,-111.968861,57.314094,0,2.6,368.15,gps,Canis lupus,13791,13791,ABoVE: Boutin Alberta Grey Wolf
9710295131,TRUE,1/14/2014 16:10,1/14/2014 4:10:38 PM,-111.96896,57.314144,0,2.2,369.32,gps,Canis lupus,13791,13791,ABoVE: Boutin Alberta Grey Wolf
9710295132,TRUE,1/14/2014 16:20,1/14/2014 4:20:18 PM,-111.968984,57.31412,-1,2.4,378.18,gps,Canis lupus,13791,13791,ABoVE: Boutin Alberta Grey Wolf
9710295133,TRUE,1/14/2014 16:30,1/14/2014 4:30:07 PM,-111.968947,57.31412,0,2.4,368.64,gps,Canis lupus,13791,13791,ABoVE: Boutin Alberta Grey Wolf
9710295134,TRUE,1/14/2014 16:40,1/14/2014 4:40:17 PM,-111.968916,57.314126,2,2.4,368.23,gps,Canis lupus,13791,13791,ABoVE: Boutin Alberta Grey Wolf
9710295135,TRUE,1/14/2014 16:50,1/14/2014 4:50:09 PM,-111.968916,57.314135,4,2,369.91,gps,Canis lupus,13791,13791,ABoVE: Boutin Alberta Grey Wolf
9710295136,TRUE,1/14/2014 17:10,1/14/2014 5:10:22 PM,-111.96896,57.314134,4,1.6,367.63,gps,Canis lupus,13791,13791,ABoVE: Boutin Alberta Grey Wolf
9710295137,TRUE,1/14/2014 17:20,1/14/2014 5:20:15 PM,-111.968947,57.31413,4,1.6,370.32,gps,Canis lupus,13791,13791,ABoVE: Boutin Alberta Grey Wolf
9710295138,TRUE,1/14/2014 20:12,1/14/2014 8:12:15 PM,-111.966937,57.313845,6,4,362.16,gps,Canis lupus,13791,13791,ABoVE: Boutin Alberta Grey Wolf
9710295139,TRUE,1/14/2014 20:22,1/14/2014 8:22:50 PM,-111.967029,57.313886,7,3.8,373.48,gps,Canis lupus,13791,13791,ABoVE: Boutin Alberta Grey Wolf
9710295140,TRUE,1/14/2014 20:47,1/14/2014 8:47:50 PM,-111.969954,57.314741,5,5,386.02,gps,Canis lupus,13791,13791,ABoVE: Boutin Alberta Grey Wolf
9710295141,TRUE,1/14/2014 20:50,1/14/2014 8:50:25 PM,-111.969954,57.314732,5,4.6,384.34,gps,Canis lupus,13791,13791,ABoVE: Boutin Alberta Grey Wolf
9710295142,TRUE,1/14/2014 21:00,1/14/2014 9:00:12 PM,-111.971262,57.314964,4,4,379.64,gps,Canis lupus,13791,13791,ABoVE: Boutin Alberta Grey Wolf
9710295143,TRUE,1/15/2014 0:46,1/15/2014 12:46:44 AM,-111.971055,57.314157,3,3,366.03,gps,Canis lupus,13791,13791,ABoVE: Boutin Alberta Grey Wolf
9710295144,TRUE,1/15/2014 0:50,1/15/2014 12:50:10 AM,-111.971018,57.314196,3,3,363.22,gps,Canis lupus,13791,13791,ABoVE: Boutin Alberta Grey Wolf
9710295145,TRUE,1/15/2014 1:00,1/15/2014 1:00:11 AM,-111.971062,57.314166,4,3,355.89,gps,Canis lupus,13791,13791,ABoVE: Boutin Alberta Grey Wolf
9710295146,TRUE,1/15/2014 1:10,1/15/2014 1:10:13 AM,-111.971098,57.314155,5,3,363.75,gps,Canis lupus,13791,13791,ABoVE: Boutin Alberta Grey Wolf
9710295147,TRUE,1/15/2014 1:20,1/15/2014 1:20:11 AM,-111.971191,57.314181,6,3.2,352.41,gps,Canis lupus,13791,13791,ABoVE: Boutin Alberta Grey Wolf
9710295148,TRUE,1/15/2014 1:30,1/15/2014 1:30:11 AM,-111.971111,57.314179,5,3,364.43,gps,Canis lupus,13791,13791,ABoVE: Boutin Alberta Grey Wolf
9710295149,TRUE,1/15/2014 1:42,1/15/2014 1:42:29 AM,-111.971129,57.314169,5,3,367.52,gps,Canis lupus,13791,13791,ABoVE: Boutin Alberta Grey Wolf
9710295150,TRUE,1/15/2014 2:00,1/15/2014 2:00:45 AM,-111.971067,57.314161,5,1.6,363.34,gps,Canis lupus,13791,13791,ABoVE: Boutin Alberta Grey Wolf
9710295151,TRUE,1/15/2014 2:10,1/15/2014 2:10:13 AM,-111.971067,57.31418,5,3,366.71,gps,Canis lupus,13791,13791,ABoVE: Boutin Alberta Grey Wolf
9710295152,TRUE,1/15/2014 16:20,1/15/2014 4:20:02 PM,-111.971745,57.316761,9,6.2,370,gps,Canis lupus,13791,13791,ABoVE: Boutin Alberta Grey Wolf
9710295153,TRUE,1/15/2014 16:30,1/15/2014 4:30:16 PM,-111.971788,57.316721,9,9.6,360.98,gps,Canis lupus,13791,13791,ABoVE: Boutin Alberta Grey Wolf
9710295154,TRUE,1/15/2014 16:40,1/15/2014 4:40:39 PM,-111.971757,57.316766,9,2.2,367.31,gps,Canis lupus,13791,13791,ABoVE: Boutin Alberta Grey Wolf
9710295155,TRUE,1/15/2014 16:50,1/15/2014 4:50:14 PM,-111.971733,57.316738,9,2,369.32,gps,Canis lupus,13791,13791,ABoVE: Boutin Alberta Grey Wolf
9710295156,TRUE,1/15/2014 17:00,1/15/2014 5:00:15 PM,-111.971757,57.316756,8,3.2,365.63,gps,Canis lupus,13791,13791,ABoVE: Boutin Alberta Grey Wolf
9710295157,TRUE,1/15/2014 17:10,1/15/2014 5:10:14 PM,-111.971727,57.316771,8,2,366.91,gps,Canis lupus,13791,13791,ABoVE: Boutin Alberta Grey Wolf
9710295158,TRUE,1/15/2014 17:20,1/15/2014 5:20:14 PM,-111.971727,57.316781,8,1.4,368.59,gps,Canis lupus,13791,13791,ABoVE: Boutin Alberta Grey Wolf
9710295159,TRUE,1/15/2014 17:30,1/15/2014 5:30:15 PM,-111.971745,57.316829,9,1.6,381.78,gps,Canis lupus,13791,13791,ABoVE: Boutin Alberta Grey Wolf
9710295160,TRUE,1/15/2014 17:40,1/15/2014 5:40:15 PM,-111.971751,57.316738,9,3,374.09,gps,Canis lupus,13791,13791,ABoVE: Boutin Alberta Grey Wolf
9710295161,TRUE,1/15/2014 17:50,1/15/2014 5:50:14 PM,-111.971745,57.316752,9,2.8,368.31,gps,Canis lupus,13791,13791,ABoVE: Boutin Alberta Grey Wolf
9710295162,TRUE,1/15/2014 18:00,1/15/2014 6:00:17 PM,-111.972268,57.316497,9,2.6,367.53,gps,Canis lupus,13791,13791,ABoVE: Boutin Alberta Grey Wolf
9710295163,TRUE,1/15/2014 18:10,1/15/2014 6:10:14 PM,-111.970849,57.314922,10,2.2,377.84,gps,Canis lupus,13791,13791,ABoVE: Boutin Alberta Grey Wolf
9710295164,TRUE,1/15/2014 18:20,1/15/2014 6:20:15 PM,-111.968099,57.31476,10,4.2,377.59,gps,Canis lupus,13791,13791,ABoVE: Boutin Alberta Grey Wolf
9710295165,TRUE,1/15/2014 18:30,1/15/2014 6:30:15 PM,-111.966986,57.313878,10,3.4,374.07,gps,Canis lupus,13791,13791,ABoVE: Boutin Alberta Grey Wolf
9710295166,TRUE,1/15/2014 18:40,1/15/2014 6:40:15 PM,-111.966986,57.313868,10,2.8,372.39,gps,Canis lupus,13791,13791,ABoVE: Boutin Alberta Grey Wolf
9710295167,TRUE,1/16/2014 18:38,1/16/2014 6:38:08 PM,-111.964434,57.322062,11,2.2,361.99,gps,Canis lupus,13791,13791,ABoVE: Boutin Alberta Grey Wolf
9710295168,TRUE,1/16/2014 18:40,1/16/2014 6:40:10 PM,-111.964471,57.322032,11,2.2,366.49,gps,Canis lupus,13791,13791,ABoVE: Boutin Alberta Grey Wolf
9710295169,TRUE,1/16/2014 18:50,1/16/2014 6:50:10 PM,-111.964422,57.322057,12,2.4,364.68,gps,Canis lupus,13791,13791,ABoVE: Boutin Alberta Grey Wolf
9710295170,TRUE,1/16/2014 19:00,1/16/2014 7:00:09 PM,-111.964459,57.322057,13,2.6,374.22,gps,Canis lupus,13791,13791,ABoVE: Boutin Alberta Grey Wolf
9710295171,TRUE,1/16/2014 19:10,1/16/2014 7:10:09 PM,-111.964483,57.322023,13,2.8,381.4,gps,Canis lupus,13791,13791,ABoVE: Boutin Alberta Grey Wolf
9710295172,TRUE,1/16/2014 19:20,1/16/2014 7:20:10 PM,-111.964477,57.322037,13,2.6,375.63,gps,Canis lupus,13791,13791,ABoVE: Boutin Alberta Grey Wolf
9710295173,TRUE,1/16/2014 19:30,1/16/2014 7:30:10 PM,-111.964446,57.322052,13,2.4,376.91,gps,Canis lupus,13791,13791,ABoVE: Boutin Alberta Grey Wolf
9710295174,TRUE,1/16/2014 22:43,1/16/2014 10:43:59 PM,-111.965912,57.317541,8,5,366.57,gps,Canis lupus,13791,13791,ABoVE: Boutin Alberta Grey Wolf
9710295175,TRUE,1/16/2014 22:50,1/16/2014 10:50:54 PM,-111.966601,57.315854,7,4.8,368.3,gps,Canis lupus,13791,13791,ABoVE: Boutin Alberta Grey Wolf
9710295176,TRUE,1/16/2014 23:00,1/16/2014 11:00:58 PM,-111.966813,57.313796,7,4.6,368.05,gps,Canis lupus,13791,13791,ABoVE: Boutin Alberta Grey Wolf
9710295177,TRUE,1/16/2014 23:10,1/16/2014 11:10:19 PM,-111.966875,57.313794,8,4.8,370.54,gps,Canis lupus,13791,13791,ABoVE: Boutin Alberta Grey Wolf
9710295178,TRUE,1/16/2014 23:20,1/16/2014 11:20:09 PM,-111.966918,57.313851,8,4.2,378.36,gps,Canis lupus,13791,13791,ABoVE: Boutin Alberta Grey Wolf
9710295179,TRUE,1/16/2014 23:30,1/16/2014 11:30:10 PM,-111.966943,57.313908,9,3.4,381.4,gps,Canis lupus,13791,13791,ABoVE: Boutin Alberta Grey Wolf
9710295180,TRUE,1/16/2014 23:40,1/16/2014 11:40:10 PM,-111.966906,57.313899,10,2.8,370.18,gps,Canis lupus,13791,13791,ABoVE: Boutin Alberta Grey Wolf
9710295181,TRUE,1/16/2014 23:50,1/16/2014 11:50:11 PM,-111.966919,57.313991,10,2.6,382.64,gps,Canis lupus,13791,13791,ABoVE: Boutin Alberta Grey Wolf
9710295182,TRUE,1/17/2014 0:00,1/17/2014 12:00:15 AM,-111.966955,57.313874,11,2.2,371.99,gps,Canis lupus,13791,13791,ABoVE: Boutin Alberta Grey Wolf
9710295183,TRUE,1/17/2014 0:10,1/17/2014 12:10:38 AM,-111.966894,57.313866,11,1.8,367.81,gps,Canis lupus,13791,13791,ABoVE: Boutin Alberta Grey Wolf
9710295184,TRUE,1/17/2014 0:20,1/17/2014 12:20:18 AM,-111.966961,57.313798,11,1.6,386.94,gps,Canis lupus,13791,13791,ABoVE: Boutin Alberta Grey Wolf
9710295185,TRUE,1/17/2014 0:34,1/17/2014 12:34:38 AM,-111.967589,57.313553,11,2.8,368.77,gps,Canis lupus,13791,13791,ABoVE: Boutin Alberta Grey Wolf
9710295186,TRUE,1/17/2014 0:40,1/17/2014 12:40:15 AM,-111.966776,57.313831,9,2.4,384.52,gps,Canis lupus,13791,13791,ABoVE: Boutin Alberta Grey Wolf
9710295187,TRUE,1/17/2014 0:50,1/17/2014 12:50:15 AM,-111.966862,57.313848,9,2.2,383.32,gps,Canis lupus,13791,13791,ABoVE: Boutin Alberta Grey Wolf
9710295188,TRUE,1/17/2014 1:00,1/17/2014 1:00:14 AM,-111.966813,57.313864,9,2.2,379.83,gps,Canis lupus,13791,13791,ABoVE: Boutin Alberta Grey Wolf
9710295189,TRUE,1/17/2014 1:10,1/17/2014 1:10:14 AM,-111.966888,57.31389,10,2.4,363.72,gps,Canis lupus,13791,13791,ABoVE: Boutin Alberta Grey Wolf
9710295190,TRUE,1/17/2014 8:03,1/17/2014 8:03:44 AM,-111.968694,57.314095,12,3.6,384.73,gps,Canis lupus,13791,13791,ABoVE: Boutin Alberta Grey Wolf
9710295191,TRUE,1/17/2014 8:10,1/17/2014 8:10:21 AM,-111.968855,57.314108,12,3.2,362.37,gps,Canis lupus,13791,13791,ABoVE: Boutin Alberta Grey Wolf
9710295192,TRUE,1/17/2014 8:20,1/17/2014 8:20:18 AM,-111.968638,57.314033,12,2.8,379.59,gps,Canis lupus,13791,13791,ABoVE: Boutin Alberta Grey Wolf
9710295193,TRUE,1/17/2014 8:30,1/17/2014 8:30:21 AM,-111.968595,57.314064,12,2.6,386.92,gps,Canis lupus,13791,13791,ABoVE: Boutin Alberta Grey Wolf
9710295194,TRUE,1/17/2014 8:40,1/17/2014 8:40:31 AM,-111.968867,57.314079,13,2.4,373.92,gps,Canis lupus,13791,13791,ABoVE: Boutin Alberta Grey Wolf
9710295195,TRUE,1/17/2014 8:51,1/17/2014 8:51:10 AM,-111.968645,57.314386,13,2.2,409.08,gps,Canis lupus,13791,13791,ABoVE: Boutin Alberta Grey Wolf
9710295196,TRUE,1/17/2014 9:00,1/17/2014 9:00:23 AM,-111.968929,57.31413,13,2.6,365.55,gps,Canis lupus,13791,13791,ABoVE: Boutin Alberta Grey Wolf
9710295197,TRUE,1/17/2014 9:10,1/17/2014 9:10:13 AM,-111.968861,57.314214,13,2.6,369.06,gps,Canis lupus,13791,13791,ABoVE: Boutin Alberta Grey Wolf
9710295198,TRUE,1/17/2014 9:20,1/17/2014 9:20:44 AM,-111.968952,57.313827,13,2.6,365.84,gps,Canis lupus,13791,13791,ABoVE: Boutin Alberta Grey Wolf
9710295199,TRUE,1/17/2014 9:30,1/17/2014 9:30:15 AM,-111.970354,57.311889,13,2.6,364.14,gps,Canis lupus,13791,13791,ABoVE: Boutin Alberta Grey Wolf
9710295200,TRUE,1/17/2014 9:40,1/17/2014 9:40:13 AM,-111.97142,57.309186,12,2.8,362.42,gps,Canis lupus,13791,13791,ABoVE: Boutin Alberta Grey Wolf
9710295201,TRUE,1/17/2014 9:50,1/17/2014 9:50:14 AM,-111.973805,57.307735,11,2.6,361.6,gps,Canis lupus,13791,13791,ABoVE: Boutin Alberta Grey Wolf
9710295202,TRUE,1/17/2014 10:00,1/17/2014 10:00:41 AM,-111.971598,57.304884,11,1.6,358.59,gps,Canis lupus,13791,13791,ABoVE: Boutin Alberta Grey Wolf
9710295203,TRUE,1/17/2014 10:10,1/17/2014 10:10:13 AM,-111.971457,57.302409,11,1.6,373.93,gps,Canis lupus,13791,13791,ABoVE: Boutin Alberta Grey Wolf
9710295204,TRUE,1/17/2014 10:20,1/17/2014 10:20:13 AM,-111.971609,57.297953,11,2,350.29,gps,Canis lupus,13791,13791,ABoVE: Boutin Alberta Grey Wolf
9710295205,TRUE,1/17/2014 10:30,1/17/2014 10:30:13 AM,-111.971541,57.295322,12,2.4,357.82,gps,Canis lupus,13791,13791,ABoVE: Boutin Alberta Grey Wolf
9710295206,TRUE,1/17/2014 11:21,1/17/2014 11:21:50 AM,-111.971333,57.295409,13,2.2,351.58,gps,Canis lupus,13791,13791,ABoVE: Boutin Alberta Grey Wolf
9710295207,TRUE,1/17/2014 11:34,1/17/2014 11:34:02 AM,-111.971375,57.295268,13,2,345.02,gps,Canis lupus,13791,13791,ABoVE: Boutin Alberta Grey Wolf
9710295208,TRUE,1/17/2014 11:40,1/17/2014 11:40:15 AM,-111.971426,57.295536,12,1.8,337.79,gps,Canis lupus,13791,13791,ABoVE: Boutin Alberta Grey Wolf
9710295209,TRUE,1/17/2014 11:50,1/17/2014 11:50:20 AM,-111.971388,57.295408,12,1.8,365.9,gps,Canis lupus,13791,13791,ABoVE: Boutin Alberta Grey Wolf
9710295210,TRUE,1/17/2014 15:34,1/17/2014 3:34:38 PM,-111.971227,57.295282,11,2.2,348.77,gps,Canis lupus,13791,13791,ABoVE: Boutin Alberta Grey Wolf
9710295211,TRUE,1/17/2014 15:40,1/17/2014 3:40:19 PM,-111.971233,57.295268,10,2.4,354.55,gps,Canis lupus,13791,13791,ABoVE: Boutin Alberta Grey Wolf
9710295212,TRUE,1/17/2014 15:50,1/17/2014 3:50:12 PM,-111.971184,57.295293,9,2.8,352.74,gps,Canis lupus,13791,13791,ABoVE: Boutin Alberta Grey Wolf
9710295213,TRUE,1/17/2014 16:00,1/17/2014 4:00:12 PM,-111.971277,57.29529,9,4,336.35,gps,Canis lupus,13791,13791,ABoVE: Boutin Alberta Grey Wolf
9710295214,TRUE,1/17/2014 16:10,1/17/2014 4:10:10 PM,-111.971203,57.295258,9,6.6,331.49,gps,Canis lupus,13791,13791,ABoVE: Boutin Alberta Grey Wolf
9710295215,TRUE,1/17/2014 16:20,1/17/2014 4:20:44 PM,-111.971221,57.295296,9,2.2,343,gps,Canis lupus,13791,13791,ABoVE: Boutin Alberta Grey Wolf
9710295216,TRUE,1/17/2014 16:30,1/17/2014 4:30:11 PM,-111.971252,57.295301,9,2.2,345.09,gps,Canis lupus,13791,13791,ABoVE: Boutin Alberta Grey Wolf
9710295217,TRUE,1/17/2014 16:40,1/17/2014 4:40:11 PM,-111.971215,57.295268,10,2.4,349.78,gps,Canis lupus,13791,13791,ABoVE: Boutin Alberta Grey Wolf
9710295218,TRUE,1/17/2014 16:50,1/17/2014 4:50:10 PM,-111.971227,57.295273,10,1.8,347.09,gps,Canis lupus,13791,13791,ABoVE: Boutin Alberta Grey Wolf
9710295219,TRUE,1/17/2014 17:00,1/17/2014 5:00:10 PM,-111.971191,57.295312,11,2,344.28,gps,Canis lupus,13791,13791,ABoVE: Boutin Alberta Grey Wolf
9710295220,TRUE,1/17/2014 17:10,1/17/2014 5:10:10 PM,-111.971271,57.295271,11,1.6,344.81,gps,Canis lupus,13791,13791,ABoVE: Boutin Alberta Grey Wolf
9710295221,TRUE,1/17/2014 17:20,1/17/2014 5:20:11 PM,-111.971113,57.29307,12,1.8,343.01,gps,Canis lupus,13791,13791,ABoVE: Boutin Alberta Grey Wolf
9710295222,TRUE,1/17/2014 17:30,1/17/2014 5:30:11 PM,-111.971679,57.290493,12,1.6,372.75,gps,Canis lupus,13791,13791,ABoVE: Boutin Alberta Grey Wolf
9710295223,TRUE,1/17/2014 17:40,1/17/2014 5:40:13 PM,-111.974333,57.289034,13,2.8,374.91,gps,Canis lupus,13791,13791,ABoVE: Boutin Alberta Grey Wolf
9710295224,TRUE,1/17/2014 17:50,1/17/2014 5:50:10 PM,-111.976332,57.287224,13,2.6,378.45,gps,Canis lupus,13791,13791,ABoVE: Boutin Alberta Grey Wolf
9710295225,TRUE,1/17/2014 18:00,1/17/2014 6:00:11 PM,-111.977315,57.28546,13,2.4,364.36,gps,Canis lupus,13791,13791,ABoVE: Boutin Alberta Grey Wolf
9710295226,TRUE,1/17/2014 18:10,1/17/2014 6:10:11 PM,-111.978456,57.283082,14,2.2,358.59,gps,Canis lupus,13791,13791,ABoVE: Boutin Alberta Grey Wolf
9710295227,TRUE,1/17/2014 18:20,1/17/2014 6:20:11 PM,-111.978332,57.283105,14,3.8,356.97,gps,Canis lupus,13791,13791,ABoVE: Boutin Alberta Grey Wolf
9710295228,TRUE,1/17/2014 18:30,1/17/2014 6:30:16 PM,-111.97832,57.28311,15,2.8,361.34,gps,Canis lupus,13791,13791,ABoVE: Boutin Alberta Grey Wolf
9710295229,TRUE,1/17/2014 18:40,1/17/2014 6:40:15 PM,-111.978345,57.283099,15,3.6,352.6,gps,Canis lupus,13791,13791,ABoVE: Boutin Alberta Grey Wolf
9710295230,TRUE,1/17/2014 18:50,1/17/2014 6:50:35 PM,-111.978277,57.283082,15,2.6,358.57,gps,Canis lupus,13791,13791,ABoVE: Boutin Alberta Grey Wolf
9710295231,TRUE,1/17/2014 19:00,1/17/2014 7:00:09 PM,-111.978468,57.283087,15,2.2,355.9,gps,Canis lupus,13791,13791,ABoVE: Boutin Alberta Grey Wolf
9710295232,TRUE,1/17/2014 19:10,1/17/2014 7:10:10 PM,-111.979212,57.28296,15,2,355.47,gps,Canis lupus,13791,13791,ABoVE: Boutin Alberta Grey Wolf
9710295233,TRUE,1/17/2014 20:12,1/17/2014 8:12:15 PM,-111.985204,57.27945,14,3.6,364.12,gps,Canis lupus,13791,13791,ABoVE: Boutin Alberta Grey Wolf
9710295234,TRUE,1/17/2014 20:20,1/17/2014 8:20:25 PM,-111.985029,57.276383,14,4,355.35,gps,Canis lupus,13791,13791,ABoVE: Boutin Alberta Grey Wolf
9710295235,TRUE,1/17/2014 20:30,1/17/2014 8:30:23 PM,-111.986614,57.27445,14,4.8,362.96,gps,Canis lupus,13791,13791,ABoVE: Boutin Alberta Grey Wolf
9710295236,TRUE,1/17/2014 20:40,1/17/2014 8:40:44 PM,-111.986583,57.274388,15,2.2,350.78,gps,Canis lupus,13791,13791,ABoVE: Boutin Alberta Grey Wolf
9710295237,TRUE,1/17/2014 20:50,1/17/2014 8:50:12 PM,-111.986602,57.274387,15,2,355.55,gps,Canis lupus,13791,13791,ABoVE: Boutin Alberta Grey Wolf
9710295238,TRUE,1/17/2014 21:00,1/17/2014 9:00:12 PM,-111.986602,57.274368,14,2.4,352.19,gps,Canis lupus,13791,13791,ABoVE: Boutin Alberta Grey Wolf
9710295239,TRUE,1/17/2014 21:10,1/17/2014 9:10:13 PM,-111.986528,57.274365,14,2.2,352.38,gps,Canis lupus,13791,13791,ABoVE: Boutin Alberta Grey Wolf
9710295240,TRUE,1/17/2014 21:20,1/17/2014 9:20:12 PM,-111.986657,57.274358,14,1.6,364.82,gps,Canis lupus,13791,13791,ABoVE: Boutin Alberta Grey Wolf
9710295241,TRUE,1/17/2014 21:30,1/17/2014 9:30:14 PM,-111.986668,57.2743,14,2.8,371.32,gps,Canis lupus,13791,13791,ABoVE: Boutin Alberta Grey Wolf
9710295242,TRUE,1/17/2014 21:40,1/17/2014 9:40:15 PM,-111.986363,57.274523,15,2.6,336.35,gps,Canis lupus,13791,13791,ABoVE: Boutin Alberta Grey Wolf
9710295243,TRUE,1/17/2014 21:50,1/17/2014 9:50:43 PM,-111.986595,57.27433,15,1.8,357.28,gps,Canis lupus,13791,13791,ABoVE: Boutin Alberta Grey Wolf
9710295244,TRUE,1/17/2014 22:00,1/17/2014 10:00:12 PM,-111.986577,57.274359,14,2,357.56,gps,Canis lupus,13791,13791,ABoVE: Boutin Alberta Grey Wolf
9710295245,TRUE,1/17/2014 22:10,1/17/2014 10:10:12 PM,-111.986589,57.274364,14,1.8,354.87,gps,Canis lupus,13791,13791,ABoVE: Boutin Alberta Grey Wolf
9710295246,TRUE,1/17/2014 22:20,1/17/2014 10:20:12 PM,-111.986564,57.274355,13,1.6,360.24,gps,Canis lupus,13791,13791,ABoVE: Boutin Alberta Grey Wolf
9710295247,TRUE,1/17/2014 22:30,1/17/2014 10:30:12 PM,-111.986595,57.274359,13,2.2,362.33,gps,Canis lupus,13791,13791,ABoVE: Boutin Alberta Grey Wolf
9710295248,TRUE,1/17/2014 22:40,1/17/2014 10:40:12 PM,-111.986602,57.274378,13,1.4,353.87,gps,Canis lupus,13791,13791,ABoVE: Boutin Alberta Grey Wolf
9710295249,TRUE,1/17/2014 22:50,1/17/2014 10:50:12 PM,-111.986583,57.274368,13,2,347.41,gps,Canis lupus,13791,13791,ABoVE: Boutin Alberta Grey Wolf
9710295250,TRUE,1/17/2014 23:00,1/17/2014 11:00:12 PM,-111.986614,57.274372,14,1.8,349.5,gps,Canis lupus,13791,13791,ABoVE: Boutin Alberta Grey Wolf
9710295251,TRUE,1/17/2014 23:10,1/17/2014 11:10:12 PM,-111.986645,57.274425,15,1.6,360,gps,Canis lupus,13791,13791,ABoVE: Boutin Alberta Grey Wolf
9710295252,TRUE,1/17/2014 23:20,1/17/2014 11:20:12 PM,-111.986627,57.274396,14,2.4,350.18,gps,Canis lupus,13791,13791,ABoVE: Boutin Alberta Grey Wolf
9710295253,TRUE,1/17/2014 23:30,1/17/2014 11:30:12 PM,-111.986651,57.274362,14,3,357.36,gps,Canis lupus,13791,13791,ABoVE: Boutin Alberta Grey Wolf
9710295254,TRUE,1/17/2014 23:40,1/17/2014 11:40:17 PM,-111.986595,57.27434,14,1.8,358.96,gps,Canis lupus,13791,13791,ABoVE: Boutin Alberta Grey Wolf
9710295255,TRUE,1/17/2014 23:50,1/17/2014 11:50:38 PM,-111.986639,57.27442,13,2.2,350.86,gps,Canis lupus,13791,13791,ABoVE: Boutin Alberta Grey Wolf
9710295256,TRUE,1/18/2014 0:00,1/18/2014 12:00:12 AM,-111.986565,57.274407,13,2,349.37,gps,Canis lupus,13791,13791,ABoVE: Boutin Alberta Grey Wolf
9710295257,TRUE,1/18/2014 0:10,1/18/2014 12:10:12 AM,-111.986509,57.274346,13,1.8,344.24,gps,Canis lupus,13791,13791,ABoVE: Boutin Alberta Grey Wolf
9710295258,TRUE,1/18/2014 0:20,1/18/2014 12:20:12 AM,-111.986589,57.274364,13,1.8,354.87,gps,Canis lupus,13791,13791,ABoVE: Boutin Alberta Grey Wolf
9710295259,TRUE,1/18/2014 0:30,1/18/2014 12:30:12 AM,-111.986602,57.274387,14,3,355.55,gps,Canis lupus,13791,13791,ABoVE: Boutin Alberta Grey Wolf
9710295260,TRUE,1/18/2014 0:40,1/18/2014 12:40:13 AM,-111.986583,57.274355,14,3,365.01,gps,Canis lupus,13791,13791,ABoVE: Boutin Alberta Grey Wolf
9710295261,TRUE,1/18/2014 0:50,1/18/2014 12:50:12 AM,-111.986596,57.274392,13,2.8,348.09,gps,Canis lupus,13791,13791,ABoVE: Boutin Alberta Grey Wolf
9710295262,TRUE,1/18/2014 1:00,1/18/2014 1:00:09 AM,-111.987065,57.274735,13,1.8,356.84,gps,Canis lupus,13791,13791,ABoVE: Boutin Alberta Grey Wolf
9710295263,TRUE,1/18/2014 1:10,1/18/2014 1:10:12 AM,-111.986247,57.273623,12,2.2,350.8,gps,Canis lupus,13791,13791,ABoVE: Boutin Alberta Grey Wolf
9710295264,TRUE,1/18/2014 1:20,1/18/2014 1:20:13 AM,-111.987491,57.275001,11,2,354.41,gps,Canis lupus,13791,13791,ABoVE: Boutin Alberta Grey Wolf
9710295265,TRUE,1/18/2014 1:30,1/18/2014 1:30:12 AM,-111.985013,57.276783,10,2,360.03,gps,Canis lupus,13791,13791,ABoVE: Boutin Alberta Grey Wolf
9710295266,TRUE,1/18/2014 1:40,1/18/2014 1:40:17 AM,-111.98464,57.277265,9,1.8,358.85,gps,Canis lupus,13791,13791,ABoVE: Boutin Alberta Grey Wolf
9710295267,TRUE,1/18/2014 2:10,1/18/2014 2:10:36 AM,-111.981794,57.282312,8,13.4,399.41,gps,Canis lupus,13791,13791,ABoVE: Boutin Alberta Grey Wolf
9710295268,TRUE,1/18/2014 2:20,1/18/2014 2:20:44 AM,-111.978897,57.282757,8,2.6,358.06,gps,Canis lupus,13791,13791,ABoVE: Boutin Alberta Grey Wolf
9710295269,TRUE,1/18/2014 2:30,1/18/2014 2:30:15 AM,-111.978388,57.283017,8,4.8,356.14,gps,Canis lupus,13791,13791,ABoVE: Boutin Alberta Grey Wolf
9710295270,TRUE,1/18/2014 2:40,1/18/2014 2:40:23 AM,-111.9784,57.283021,8,5,353.46,gps,Canis lupus,13791,13791,ABoVE: Boutin Alberta Grey Wolf
9710295271,TRUE,1/18/2014 2:50,1/18/2014 2:50:19 AM,-111.978376,57.283065,8,5.2,347.96,gps,Canis lupus,13791,13791,ABoVE: Boutin Alberta Grey Wolf
9710295272,TRUE,1/18/2014 3:00,1/18/2014 3:00:11 AM,-111.978394,57.283055,8,5,351.05,gps,Canis lupus,13791,13791,ABoVE: Boutin Alberta Grey Wolf
9710295273,TRUE,1/18/2014 3:10,1/18/2014 3:10:10 AM,-111.978363,57.283028,7,4.6,364.88,gps,Canis lupus,13791,13791,ABoVE: Boutin Alberta Grey Wolf
9710295274,TRUE,1/18/2014 3:20,1/18/2014 3:20:10 AM,-111.9784,57.28305,7,4.2,358.5,gps,Canis lupus,13791,13791,ABoVE: Boutin Alberta Grey Wolf
9710295275,TRUE,1/18/2014 3:30,1/18/2014 3:30:10 AM,-111.978382,57.28307,6,3.6,357.1,gps,Canis lupus,13791,13791,ABoVE: Boutin Alberta Grey Wolf
9710295276,TRUE,1/18/2014 3:40,1/18/2014 3:40:11 AM,-111.978412,57.283064,6,3.2,357.5,gps,Canis lupus,13791,13791,ABoVE: Boutin Alberta Grey Wolf
9710295277,TRUE,1/18/2014 3:50,1/18/2014 3:50:11 AM,-111.978431,57.283083,5,2.8,365.64,gps,Canis lupus,13791,13791,ABoVE: Boutin Alberta Grey Wolf
9710295278,TRUE,1/18/2014 4:00,1/18/2014 4:00:11 AM,-111.978382,57.283079,5,2.6,358.78,gps,Canis lupus,13791,13791,ABoVE: Boutin Alberta Grey Wolf
9710295279,TRUE,1/18/2014 4:10,1/18/2014 4:10:11 AM,-111.978412,57.283084,4,2.4,360.87,gps,Canis lupus,13791,13791,ABoVE: Boutin Alberta Grey Wolf
9710295280,TRUE,1/18/2014 4:20,1/18/2014 4:20:18 AM,-111.978456,57.283063,4,2.2,355.22,gps,Canis lupus,13791,13791,ABoVE: Boutin Alberta Grey Wolf
9710295281,TRUE,1/18/2014 4:30,1/18/2014 4:30:37 AM,-111.978406,57.283046,3,1.4,365.96,gps,Canis lupus,13791,13791,ABoVE: Boutin Alberta Grey Wolf
9710295282,TRUE,1/18/2014 4:40,1/18/2014 4:40:10 AM,-111.978394,57.283074,3,1.6,354.41,gps,Canis lupus,13791,13791,ABoVE: Boutin Alberta Grey Wolf
9710295283,TRUE,1/18/2014 4:50,1/18/2014 4:50:10 AM,-111.978412,57.283074,3,1.4,359.18,gps,Canis lupus,13791,13791,ABoVE: Boutin Alberta Grey Wolf
9710295284,TRUE,1/18/2014 5:09,1/18/2014 5:09:15 AM,-111.978382,57.28305,2,1.4,353.73,gps,Canis lupus,13791,13791,ABoVE: Boutin Alberta Grey Wolf
9710295285,TRUE,1/18/2014 5:10,1/18/2014 5:10:20 AM,-111.978412,57.283064,3,1.4,357.5,gps,Canis lupus,13791,13791,ABoVE: Boutin Alberta Grey Wolf
9710295286,TRUE,1/18/2014 5:20,1/18/2014 5:20:11 AM,-111.978296,57.283173,3,1.4,359.2,gps,Canis lupus,13791,13791,ABoVE: Boutin Alberta Grey Wolf
9710295287,TRUE,1/18/2014 5:30,1/18/2014 5:30:12 AM,-111.978265,57.28315,4,1.4,353.75,gps,Canis lupus,13791,13791,ABoVE: Boutin Alberta Grey Wolf
9710295288,TRUE,1/18/2014 5:40,1/18/2014 5:40:11 AM,-111.977688,57.283574,5,2.6,349.52,gps,Canis lupus,13791,13791,ABoVE: Boutin Alberta Grey Wolf
9710295289,TRUE,1/18/2014 5:50,1/18/2014 5:50:13 AM,-111.978295,57.282995,4,2.6,348.2,gps,Canis lupus,13791,13791,ABoVE: Boutin Alberta Grey Wolf
9710295290,TRUE,1/18/2014 6:00,1/18/2014 6:00:12 AM,-111.978388,57.282988,4,2.4,351.09,gps,Canis lupus,13791,13791,ABoVE: Boutin Alberta Grey Wolf
9710295291,TRUE,1/18/2014 6:10,1/18/2014 6:10:13 AM,-111.978382,57.282983,6,3.6,341.95,gps,Canis lupus,13791,13791,ABoVE: Boutin Alberta Grey Wolf
9710295292,TRUE,1/18/2014 6:20,1/18/2014 6:20:13 AM,-111.978369,57.283017,7,3.6,351.37,gps,Canis lupus,13791,13791,ABoVE: Boutin Alberta Grey Wolf
9710295293,TRUE,1/18/2014 6:30,1/18/2014 6:30:12 AM,-111.978511,57.283027,9,4.2,343.52,gps,Canis lupus,13791,13791,ABoVE: Boutin Alberta Grey Wolf
9710295294,TRUE,1/18/2014 6:40,1/18/2014 6:40:13 AM,-111.978419,57.283112,10,4.4,354.09,gps,Canis lupus,13791,13791,ABoVE: Boutin Alberta Grey Wolf
9710295295,TRUE,1/18/2014 6:50,1/18/2014 6:50:12 AM,-111.97845,57.283067,11,7.4,347.76,gps,Canis lupus,13791,13791,ABoVE: Boutin Alberta Grey Wolf
9710295296,TRUE,1/18/2014 7:00,1/18/2014 7:00:14 AM,-111.978616,57.283034,11,8.4,345.42,gps,Canis lupus,13791,13791,ABoVE: Boutin Alberta Grey Wolf
9710295297,TRUE,1/18/2014 7:10,1/18/2014 7:10:13 AM,-111.978456,57.283063,11,9.6,355.22,gps,Canis lupus,13791,13791,ABoVE: Boutin Alberta Grey Wolf
9710295298,TRUE,1/18/2014 7:20,1/18/2014 7:20:44 AM,-111.978412,57.283084,11,1.4,360.87,gps,Canis lupus,13791,13791,ABoVE: Boutin Alberta Grey Wolf
9710295299,TRUE,1/18/2014 7:30,1/18/2014 7:30:13 AM,-111.978431,57.283054,11,2.2,360.59,gps,Canis lupus,13791,13791,ABoVE: Boutin Alberta Grey Wolf
9710295300,TRUE,1/18/2014 7:40,1/18/2014 7:40:12 AM,-111.978412,57.283084,11,2.2,360.87,gps,Canis lupus,13791,13791,ABoVE: Boutin Alberta Grey Wolf
9710295301,TRUE,1/18/2014 7:50,1/18/2014 7:50:12 AM,-111.978406,57.283108,11,2.4,356.77,gps,Canis lupus,13791,13791,ABoVE: Boutin Alberta Grey Wolf
9710295302,TRUE,1/18/2014 8:00,1/18/2014 8:00:12 AM,-111.978443,57.283088,11,1.8,362.95,gps,Canis lupus,13791,13791,ABoVE: Boutin Alberta Grey Wolf
9710295303,TRUE,1/18/2014 8:10,1/18/2014 8:10:13 AM,-111.978456,57.283092,11,2,360.27,gps,Canis lupus,13791,13791,ABoVE: Boutin Alberta Grey Wolf
9710295304,TRUE,1/18/2014 8:20,1/18/2014 8:20:12 AM,-111.978431,57.283083,11,1.8,365.64,gps,Canis lupus,13791,13791,ABoVE: Boutin Alberta Grey Wolf
9710295305,TRUE,1/18/2014 8:30,1/18/2014 8:30:12 AM,-111.978443,57.283088,11,1.6,362.95,gps,Canis lupus,13791,13791,ABoVE: Boutin Alberta Grey Wolf
9710295306,TRUE,1/18/2014 8:40,1/18/2014 8:40:13 AM,-111.978443,57.283088,11,1.6,362.95,gps,Canis lupus,13791,13791,ABoVE: Boutin Alberta Grey Wolf
9710295307,TRUE,1/18/2014 8:50,1/18/2014 8:50:17 AM,-111.978449,57.283044,11,1.6,363.68,gps,Canis lupus,13791,13791,ABoVE: Boutin Alberta Grey Wolf
9710295308,TRUE,1/18/2014 9:00,1/18/2014 9:00:14 AM,-111.978431,57.283045,11,2,358.91,gps,Canis lupus,13791,13791,ABoVE: Boutin Alberta Grey Wolf
9710295309,TRUE,1/18/2014 9:10,1/18/2014 9:10:15 AM,-111.978412,57.283084,11,2,360.87,gps,Canis lupus,13791,13791,ABoVE: Boutin Alberta Grey Wolf
9710295310,TRUE,1/18/2014 9:20,1/18/2014 9:20:43 AM,-111.978418,57.283031,10,1.4,359.91,gps,Canis lupus,13791,13791,ABoVE: Boutin Alberta Grey Wolf
9710295311,TRUE,1/18/2014 9:30,1/18/2014 9:30:12 AM,-111.978412,57.283045,8,1.8,354.14,gps,Canis lupus,13791,13791,ABoVE: Boutin Alberta Grey Wolf
9710295312,TRUE,1/18/2014 9:40,1/18/2014 9:40:13 AM,-111.978418,57.28304,7,2,361.59,gps,Canis lupus,13791,13791,ABoVE: Boutin Alberta Grey Wolf
9710295313,TRUE,1/18/2014 9:50,1/18/2014 9:50:12 AM,-111.978431,57.283045,6,2.2,358.91,gps,Canis lupus,13791,13791,ABoVE: Boutin Alberta Grey Wolf
9710295314,TRUE,1/18/2014 10:00,1/18/2014 10:00:18 AM,-111.978418,57.28304,5,2,361.59,gps,Canis lupus,13791,13791,ABoVE: Boutin Alberta Grey Wolf
9710295315,TRUE,1/18/2014 10:10,1/18/2014 10:10:17 AM,-111.978394,57.283094,4,2,357.78,gps,Canis lupus,13791,13791,ABoVE: Boutin Alberta Grey Wolf
9710295316,TRUE,1/18/2014 10:20,1/18/2014 10:20:12 AM,-111.978585,57.283107,4,4,356.79,gps,Canis lupus,13791,13791,ABoVE: Boutin Alberta Grey Wolf
9710295317,TRUE,1/18/2014 10:30,1/18/2014 10:30:13 AM,-111.978701,57.282897,4,3.8,357.55,gps,Canis lupus,13791,13791,ABoVE: Boutin Alberta Grey Wolf
9710295318,TRUE,1/18/2014 10:40,1/18/2014 10:40:13 AM,-111.978738,57.282887,4,3.2,365.41,gps,Canis lupus,13791,13791,ABoVE: Boutin Alberta Grey Wolf
9710295319,TRUE,1/18/2014 10:50,1/18/2014 10:50:13 AM,-111.978732,57.282901,3,3,359.63,gps,Canis lupus,13791,13791,ABoVE: Boutin Alberta Grey Wolf
9710295320,TRUE,1/18/2014 11:00,1/18/2014 11:00:13 AM,-111.978732,57.282863,3,2.6,352.9,gps,Canis lupus,13791,13791,ABoVE: Boutin Alberta Grey Wolf
9710295321,TRUE,1/18/2014 11:10,1/18/2014 11:10:13 AM,-111.978707,57.282883,2,2.4,363.32,gps,Canis lupus,13791,13791,ABoVE: Boutin Alberta Grey Wolf
9710295322,TRUE,1/18/2014 11:20,1/18/2014 11:20:22 AM,-111.978725,57.282834,2,1.8,359.68,gps,Canis lupus,13791,13791,ABoVE: Boutin Alberta Grey Wolf
9710295323,TRUE,1/18/2014 11:30,1/18/2014 11:30:20 AM,-111.978682,57.282845,2,2,363.64,gps,Canis lupus,13791,13791,ABoVE: Boutin Alberta Grey Wolf
9710295324,TRUE,1/18/2014 11:40,1/18/2014 11:40:14 AM,-111.978664,57.282875,1,2,363.92,gps,Canis lupus,13791,13791,ABoVE: Boutin Alberta Grey Wolf
9710295325,TRUE,1/18/2014 11:50,1/18/2014 11:50:13 AM,-111.978701,57.282917,1,1.8,360.91,gps,Canis lupus,13791,13791,ABoVE: Boutin Alberta Grey Wolf
9710295326,TRUE,1/18/2014 12:00,1/18/2014 12:00:43 PM,-111.978701,57.282917,1,2.8,360.91,gps,Canis lupus,13791,13791,ABoVE: Boutin Alberta Grey Wolf
9710295327,TRUE,1/18/2014 12:10,1/18/2014 12:10:13 PM,-111.978732,57.282901,1,2.4,359.63,gps,Canis lupus,13791,13791,ABoVE: Boutin Alberta Grey Wolf
9710295328,TRUE,1/18/2014 12:20,1/18/2014 12:20:13 PM,-111.978757,57.28291,1,3,354.26,gps,Canis lupus,13791,13791,ABoVE: Boutin Alberta Grey Wolf
9710295329,TRUE,1/18/2014 12:30,1/18/2014 12:30:13 PM,-111.978701,57.282888,1,3.4,355.86,gps,Canis lupus,13791,13791,ABoVE: Boutin Alberta Grey Wolf
9710295330,TRUE,1/18/2014 12:40,1/18/2014 12:40:13 PM,-111.978713,57.282892,2,3.8,353.18,gps,Canis lupus,13791,13791,ABoVE: Boutin Alberta Grey Wolf
9710295331,TRUE,1/18/2014 12:50,1/18/2014 12:50:13 PM,-111.978744,57.282896,3,3.4,355.27,gps,Canis lupus,13791,13791,ABoVE: Boutin Alberta Grey Wolf
9710295332,TRUE,1/18/2014 13:00,1/18/2014 1:00:13 PM,-111.978757,57.282891,4,3,350.9,gps,Canis lupus,13791,13791,ABoVE: Boutin Alberta Grey Wolf
9710295333,TRUE,1/18/2014 13:10,1/18/2014 1:10:13 PM,-111.978726,57.282896,5,2.6,350.49,gps,Canis lupus,13791,13791,ABoVE: Boutin Alberta Grey Wolf
9710295334,TRUE,1/18/2014 13:20,1/18/2014 1:20:13 PM,-111.978744,57.282896,6,2.2,355.27,gps,Canis lupus,13791,13791,ABoVE: Boutin Alberta Grey Wolf
9710295335,TRUE,1/18/2014 13:30,1/18/2014 1:30:13 PM,-111.978744,57.282896,6,2,355.27,gps,Canis lupus,13791,13791,ABoVE: Boutin Alberta Grey Wolf
9710295336,TRUE,1/18/2014 13:40,1/18/2014 1:40:13 PM,-111.978726,57.282945,7,2.4,358.91,gps,Canis lupus,13791,13791,ABoVE: Boutin Alberta Grey Wolf
9710295337,TRUE,1/18/2014 13:50,1/18/2014 1:50:13 PM,-111.978757,57.28293,7,2.2,357.63,gps,Canis lupus,13791,13791,ABoVE: Boutin Alberta Grey Wolf
9710295338,TRUE,1/18/2014 14:00,1/18/2014 2:00:13 PM,-111.978707,57.282893,7,2,365.01,gps,Canis lupus,13791,13791,ABoVE: Boutin Alberta Grey Wolf
9710295339,TRUE,1/18/2014 14:10,1/18/2014 2:10:14 PM,-111.978744,57.282925,7,1.8,360.32,gps,Canis lupus,13791,13791,ABoVE: Boutin Alberta Grey Wolf
9710295340,TRUE,1/18/2014 14:20,1/18/2014 2:20:13 PM,-111.978732,57.282911,7,1.8,361.32,gps,Canis lupus,13791,13791,ABoVE: Boutin Alberta Grey Wolf
9710295341,TRUE,1/18/2014 14:30,1/18/2014 2:30:13 PM,-111.978744,57.282896,7,2.4,355.27,gps,Canis lupus,13791,13791,ABoVE: Boutin Alberta Grey Wolf
9710295342,TRUE,1/18/2014 14:40,1/18/2014 2:40:42 PM,-111.978787,57.282895,7,2,352.99,gps,Canis lupus,13791,13791,ABoVE: Boutin Alberta Grey Wolf
9710295343,TRUE,1/18/2014 14:50,1/18/2014 2:50:13 PM,-111.978719,57.282849,7,1.8,353.91,gps,Canis lupus,13791,13791,ABoVE: Boutin Alberta Grey Wolf
9710295344,TRUE,1/18/2014 15:00,1/18/2014 3:00:13 PM,-111.978744,57.282915,8,1.6,358.63,gps,Canis lupus,13791,13791,ABoVE: Boutin Alberta Grey Wolf
9710295345,TRUE,1/18/2014 15:10,1/18/2014 3:10:22 PM,-111.979045,57.283296,8,2.2,450.23,gps,Canis lupus,13791,13791,ABoVE: Boutin Alberta Grey Wolf
9710295346,TRUE,1/18/2014 15:20,1/18/2014 3:20:16 PM,-111.978732,57.282921,8,3,363,gps,Canis lupus,13791,13791,ABoVE: Boutin Alberta Grey Wolf
9710295347,TRUE,1/18/2014 15:30,1/18/2014 3:30:14 PM,-111.978676,57.282908,8,2.8,366.28,gps,Canis lupus,13791,13791,ABoVE: Boutin Alberta Grey Wolf
9710295348,TRUE,1/18/2014 15:40,1/18/2014 3:40:15 PM,-111.978757,57.282852,8,2.6,344.17,gps,Canis lupus,13791,13791,ABoVE: Boutin Alberta Grey Wolf
9710295349,TRUE,1/18/2014 15:50,1/18/2014 3:50:44 PM,-111.978732,57.282901,8,2,359.63,gps,Canis lupus,13791,13791,ABoVE: Boutin Alberta Grey Wolf
9710295350,TRUE,1/18/2014 16:00,1/18/2014 4:00:13 PM,-111.978744,57.282896,8,2.2,355.27,gps,Canis lupus,13791,13791,ABoVE: Boutin Alberta Grey Wolf
9710295351,TRUE,1/18/2014 16:10,1/18/2014 4:10:14 PM,-111.978713,57.282921,8,2.4,358.23,gps,Canis lupus,13791,13791,ABoVE: Boutin Alberta Grey Wolf
9710295352,TRUE,1/18/2014 16:20,1/18/2014 4:20:18 PM,-111.978732,57.282901,8,2.6,359.63,gps,Canis lupus,13791,13791,ABoVE: Boutin Alberta Grey Wolf
9710295353,TRUE,1/18/2014 16:30,1/18/2014 4:30:18 PM,-111.978732,57.282882,8,2.4,356.27,gps,Canis lupus,13791,13791,ABoVE: Boutin Alberta Grey Wolf
9710295354,TRUE,1/18/2014 16:40,1/18/2014 4:40:13 PM,-111.978744,57.282896,8,2,355.27,gps,Canis lupus,13791,13791,ABoVE: Boutin Alberta Grey Wolf
9710295355,TRUE,1/18/2014 16:50,1/18/2014 4:50:14 PM,-111.978744,57.282915,8,1.8,358.63,gps,Canis lupus,13791,13791,ABoVE: Boutin Alberta Grey Wolf
9710295356,TRUE,1/18/2014 17:00,1/18/2014 5:00:14 PM,-111.978701,57.282907,8,1.6,359.23,gps,Canis lupus,13791,13791,ABoVE: Boutin Alberta Grey Wolf
9710295357,TRUE,1/18/2014 17:10,1/18/2014 5:10:14 PM,-111.980153,57.282602,8,1.6,359.69,gps,Canis lupus,13791,13791,ABoVE: Boutin Alberta Grey Wolf
9710295358,TRUE,1/18/2014 17:20,1/18/2014 5:20:14 PM,-111.983623,57.280856,8,1.8,372.9,gps,Canis lupus,13791,13791,ABoVE: Boutin Alberta Grey Wolf
9710295359,TRUE,1/18/2014 17:30,1/18/2014 5:30:12 PM,-111.9853,57.280086,8,3.6,359.01,gps,Canis lupus,13791,13791,ABoVE: Boutin Alberta Grey Wolf
9710295360,TRUE,1/18/2014 17:40,1/18/2014 5:40:21 PM,-111.984974,57.27639,8,3.4,362,gps,Canis lupus,13791,13791,ABoVE: Boutin Alberta Grey Wolf
9710295361,TRUE,1/18/2014 17:50,1/18/2014 5:50:14 PM,-111.987392,57.27485,8,3,355.7,gps,Canis lupus,13791,13791,ABoVE: Boutin Alberta Grey Wolf
9710295362,TRUE,1/18/2014 18:00,1/18/2014 6:00:43 PM,-111.984043,57.27235,8,1.6,353.97,gps,Canis lupus,13791,13791,ABoVE: Boutin Alberta Grey Wolf
9710295363,TRUE,1/18/2014 18:10,1/18/2014 6:10:14 PM,-111.982757,57.269959,8,2,344.44,gps,Canis lupus,13791,13791,ABoVE: Boutin Alberta Grey Wolf
9710295364,TRUE,1/18/2014 18:20,1/18/2014 6:20:14 PM,-111.981857,57.267149,8,2.2,343.52,gps,Canis lupus,13791,13791,ABoVE: Boutin Alberta Grey Wolf
9710295365,TRUE,1/18/2014 18:30,1/18/2014 6:30:13 PM,-111.983387,57.264256,8,2.2,358.02,gps,Canis lupus,13791,13791,ABoVE: Boutin Alberta Grey Wolf
9710295366,TRUE,1/18/2014 18:40,1/18/2014 6:40:13 PM,-111.987025,57.259432,8,2.2,344.39,gps,Canis lupus,13791,13791,ABoVE: Boutin Alberta Grey Wolf
9710295367,TRUE,1/18/2014 18:50,1/18/2014 6:50:14 PM,-111.994268,57.253662,7,2.2,365.31,gps,Canis lupus,13791,13791,ABoVE: Boutin Alberta Grey Wolf
9710295368,TRUE,1/18/2014 19:00,1/18/2014 7:00:14 PM,-111.99178,57.247047,6,2,351.72,gps,Canis lupus,13791,13791,ABoVE: Boutin Alberta Grey Wolf
9710295369,TRUE,1/18/2014 19:10,1/18/2014 7:10:14 PM,-111.983643,57.241241,6,2,351.5,gps,Canis lupus,13791,13791,ABoVE: Boutin Alberta Grey Wolf
9710295370,TRUE,1/18/2014 19:20,1/18/2014 7:20:13 PM,-111.971915,57.240242,6,1.8,339.88,gps,Canis lupus,13791,13791,ABoVE: Boutin Alberta Grey Wolf
9710295371,TRUE,1/18/2014 19:30,1/18/2014 7:30:13 PM,-111.961335,57.244064,6,1.8,341.88,gps,Canis lupus,13791,13791,ABoVE: Boutin Alberta Grey Wolf
9710295372,TRUE,1/18/2014 19:40,1/18/2014 7:40:14 PM,-111.952131,57.245125,6,1.6,334.78,gps,Canis lupus,13791,13791,ABoVE: Boutin Alberta Grey Wolf
9710295373,TRUE,1/18/2014 19:50,1/18/2014 7:50:14 PM,-111.944483,57.248027,6,1.6,333.79,gps,Canis lupus,13791,13791,ABoVE: Boutin Alberta Grey Wolf
9710295374,TRUE,1/18/2014 20:00,1/18/2014 8:00:14 PM,-111.938783,57.250301,7,2.8,327.82,gps,Canis lupus,13791,13791,ABoVE: Boutin Alberta Grey Wolf
9710295375,TRUE,1/18/2014 20:10,1/18/2014 8:10:14 PM,-111.930046,57.250186,8,2.6,333.71,gps,Canis lupus,13791,13791,ABoVE: Boutin Alberta Grey Wolf
9710295376,TRUE,1/18/2014 20:20,1/18/2014 8:20:14 PM,-111.927664,57.248012,9,2.6,320.6,gps,Canis lupus,13791,13791,ABoVE: Boutin Alberta Grey Wolf
9710295377,TRUE,1/18/2014 20:30,1/18/2014 8:30:30 PM,-111.927202,57.247645,9,2.6,315.98,gps,Canis lupus,13791,13791,ABoVE: Boutin Alberta Grey Wolf
9710295378,TRUE,1/18/2014 20:40,1/18/2014 8:40:15 PM,-111.922764,57.246943,9,2.4,325.85,gps,Canis lupus,13791,13791,ABoVE: Boutin Alberta Grey Wolf
9710295379,TRUE,1/18/2014 20:50,1/18/2014 8:50:13 PM,-111.924559,57.250333,8,2.2,316.02,gps,Canis lupus,13791,13791,ABoVE: Boutin Alberta Grey Wolf
9710295380,TRUE,1/18/2014 21:00,1/18/2014 9:00:13 PM,-111.924947,57.250337,7,2,318.13,gps,Canis lupus,13791,13791,ABoVE: Boutin Alberta Grey Wolf
9710295381,TRUE,1/18/2014 21:10,1/18/2014 9:10:18 PM,-111.922806,57.250368,6,1.8,323.03,gps,Canis lupus,13791,13791,ABoVE: Boutin Alberta Grey Wolf
9710295382,TRUE,1/18/2014 21:20,1/18/2014 9:20:15 PM,-111.922743,57.249957,6,1.8,328.7,gps,Canis lupus,13791,13791,ABoVE: Boutin Alberta Grey Wolf
9710295383,TRUE,1/18/2014 21:30,1/18/2014 9:30:43 PM,-111.92286,57.249896,6,1.8,335.42,gps,Canis lupus,13791,13791,ABoVE: Boutin Alberta Grey Wolf
9710295384,TRUE,1/18/2014 21:40,1/18/2014 9:40:14 PM,-111.924412,57.250328,6,2,316.41,gps,Canis lupus,13791,13791,ABoVE: Boutin Alberta Grey Wolf
9710295385,TRUE,1/18/2014 21:50,1/18/2014 9:50:14 PM,-111.93535,57.250296,6,2,328.16,gps,Canis lupus,13791,13791,ABoVE: Boutin Alberta Grey Wolf
9710295386,TRUE,1/18/2014 22:00,1/18/2014 10:00:14 PM,-111.943348,57.250303,6,1.8,330.07,gps,Canis lupus,13791,13791,ABoVE: Boutin Alberta Grey Wolf
9710295387,TRUE,1/18/2014 22:10,1/18/2014 10:10:14 PM,-111.949427,57.25031,5,1.8,329.57,gps,Canis lupus,13791,13791,ABoVE: Boutin Alberta Grey Wolf
9710295388,TRUE,1/18/2014 22:20,1/18/2014 10:20:14 PM,-111.955559,57.249959,5,1.6,321.41,gps,Canis lupus,13791,13791,ABoVE: Boutin Alberta Grey Wolf
9710295389,TRUE,1/18/2014 22:30,1/18/2014 10:30:13 PM,-111.957871,57.249697,5,1.6,328.27,gps,Canis lupus,13791,13791,ABoVE: Boutin Alberta Grey Wolf
9710295390,TRUE,1/18/2014 22:40,1/18/2014 10:40:19 PM,-111.957883,57.249721,5,1.4,328.95,gps,Canis lupus,13791,13791,ABoVE: Boutin Alberta Grey Wolf
9710295391,TRUE,1/18/2014 22:50,1/18/2014 10:50:16 PM,-111.957883,57.249711,6,2,327.27,gps,Canis lupus,13791,13791,ABoVE: Boutin Alberta Grey Wolf
9710295392,TRUE,1/18/2014 23:00,1/18/2014 11:00:06 PM,-111.957883,57.249721,6,2,328.95,gps,Canis lupus,13791,13791,ABoVE: Boutin Alberta Grey Wolf
9710295393,TRUE,1/18/2014 23:10,1/18/2014 11:10:14 PM,-111.957853,57.249717,6,1.8,326.87,gps,Canis lupus,13791,13791,ABoVE: Boutin Alberta Grey Wolf
9710295394,TRUE,1/18/2014 23:20,1/18/2014 11:20:14 PM,-111.957896,57.249735,6,2,327.95,gps,Canis lupus,13791,13791,ABoVE: Boutin Alberta Grey Wolf
9710295395,TRUE,1/18/2014 23:30,1/18/2014 11:30:15 PM,-111.956694,57.24925,6,2.4,329.41,gps,Canis lupus,13791,13791,ABoVE: Boutin Alberta Grey Wolf
9710295396,TRUE,1/18/2014 23:40,1/18/2014 11:40:34 PM,-111.956676,57.24927,5,1.8,328,gps,Canis lupus,13791,13791,ABoVE: Boutin Alberta Grey Wolf
9710295397,TRUE,1/18/2014 23:50,1/18/2014 11:50:14 PM,-111.956676,57.249231,4,1.6,321.27,gps,Canis lupus,13791,13791,ABoVE: Boutin Alberta Grey Wolf
9710295398,TRUE,1/19/2014 0:00,1/19/2014 12:00:14 AM,-111.95662,57.249228,4,2,326.24,gps,Canis lupus,13791,13791,ABoVE: Boutin Alberta Grey Wolf
9710295399,TRUE,1/19/2014 0:10,1/19/2014 12:10:14 AM,-111.956663,57.249256,3,2,329,gps,Canis lupus,13791,13791,ABoVE: Boutin Alberta Grey Wolf
9710295400,TRUE,1/19/2014 0:20,1/19/2014 12:20:15 AM,-111.956688,57.249225,3,1.8,316.9,gps,Canis lupus,13791,13791,ABoVE: Boutin Alberta Grey Wolf
9710295401,TRUE,1/19/2014 0:30,1/19/2014 12:30:15 AM,-111.956676,57.249221,2,4.4,319.59,gps,Canis lupus,13791,13791,ABoVE: Boutin Alberta Grey Wolf
9710295402,TRUE,1/19/2014 0:40,1/19/2014 12:40:15 AM,-111.956719,57.249229,2,3.6,318.99,gps,Canis lupus,13791,13791,ABoVE: Boutin Alberta Grey Wolf
9710295403,TRUE,1/19/2014 0:50,1/19/2014 12:50:15 AM,-111.956627,57.249266,1,3,321.14,gps,Canis lupus,13791,13791,ABoVE: Boutin Alberta Grey Wolf
9710295404,TRUE,1/19/2014 1:00,1/19/2014 1:00:42 AM,-111.956663,57.249246,1,1.8,327.32,gps,Canis lupus,13791,13791,ABoVE: Boutin Alberta Grey Wolf
9710295405,TRUE,1/19/2014 1:10,1/19/2014 1:10:13 AM,-111.956663,57.249236,1,1.8,325.64,gps,Canis lupus,13791,13791,ABoVE: Boutin Alberta Grey Wolf
9710295406,TRUE,1/19/2014 12:13,1/19/2014 12:13:38 PM,-111.956614,57.249261,3,1.6,323.83,gps,Canis lupus,13791,13791,ABoVE: Boutin Alberta Grey Wolf
9710295407,TRUE,1/19/2014 12:20,1/19/2014 12:20:14 PM,-111.956645,57.249246,2,1.6,322.55,gps,Canis lupus,13791,13791,ABoVE: Boutin Alberta Grey Wolf
9710295408,TRUE,1/19/2014 12:30,1/19/2014 12:30:14 PM,-111.956602,57.249247,2,1.8,324.83,gps,Canis lupus,13791,13791,ABoVE: Boutin Alberta Grey Wolf
9710295409,TRUE,1/19/2014 12:40,1/19/2014 12:40:15 PM,-111.956645,57.249256,1,2,324.23,gps,Canis lupus,13791,13791,ABoVE: Boutin Alberta Grey Wolf
9710295410,TRUE,1/19/2014 12:50,1/19/2014 12:50:14 PM,-111.956602,57.249257,1,2.2,326.51,gps,Canis lupus,13791,13791,ABoVE: Boutin Alberta Grey Wolf
9710295411,TRUE,1/19/2014 13:00,1/19/2014 1:00:15 PM,-111.956676,57.24924,0,2.2,322.95,gps,Canis lupus,13791,13791,ABoVE: Boutin Alberta Grey Wolf
9710295412,TRUE,1/19/2014 13:10,1/19/2014 1:10:15 PM,-111.956676,57.249231,0,2.2,321.27,gps,Canis lupus,13791,13791,ABoVE: Boutin Alberta Grey Wolf
9710295413,TRUE,1/19/2014 18:15,1/19/2014 6:15:39 PM,-111.975826,57.247903,2,1.8,347.43,gps,Canis lupus,13791,13791,ABoVE: Boutin Alberta Grey Wolf
9710295414,TRUE,1/19/2014 18:20,1/19/2014 6:20:08 PM,-111.975938,57.248068,1,2,345.13,gps,Canis lupus,13791,13791,ABoVE: Boutin Alberta Grey Wolf
9710295415,TRUE,1/19/2014 18:30,1/19/2014 6:30:10 PM,-111.975956,57.248068,1,2.2,349.9,gps,Canis lupus,13791,13791,ABoVE: Boutin Alberta Grey Wolf
9710295416,TRUE,1/19/2014 18:40,1/19/2014 6:40:09 PM,-111.975969,57.248053,2,2.6,343.85,gps,Canis lupus,13791,13791,ABoVE: Boutin Alberta Grey Wolf
9710295417,TRUE,1/19/2014 18:50,1/19/2014 6:50:08 PM,-111.975969,57.248043,3,2.6,342.17,gps,Canis lupus,13791,13791,ABoVE: Boutin Alberta Grey Wolf
9710295418,TRUE,1/19/2014 19:00,1/19/2014 7:00:09 PM,-111.975771,57.247952,3,2.4,341.52,gps,Canis lupus,13791,13791,ABoVE: Boutin Alberta Grey Wolf
9710295419,TRUE,1/19/2014 19:46,1/19/2014 7:46:22 PM,-111.97586,57.241933,-1,2,351.86,gps,Canis lupus,13791,13791,ABoVE: Boutin Alberta Grey Wolf
9710295420,TRUE,1/19/2014 19:50,1/19/2014 7:50:14 PM,-111.975872,57.241966,-1,1.4,354.22,gps,Canis lupus,13791,13791,ABoVE: Boutin Alberta Grey Wolf
9710295421,TRUE,1/19/2014 20:00,1/19/2014 8:00:19 PM,-111.975754,57.241777,-1,2.4,344.02,gps,Canis lupus,13791,13791,ABoVE: Boutin Alberta Grey Wolf
9710295422,TRUE,1/19/2014 20:10,1/19/2014 8:10:18 PM,-111.975767,57.24181,0,3.6,346.38,gps,Canis lupus,13791,13791,ABoVE: Boutin Alberta Grey Wolf
9710295423,TRUE,1/19/2014 20:20,1/19/2014 8:20:22 PM,-111.97597,57.242013,0,3.4,374.67,gps,Canis lupus,13791,13791,ABoVE: Boutin Alberta Grey Wolf
