flight_number,timestamp,longitude,latitude,altitude_baro,track_angle,on_ground,origin,destination,ground_speed
EJA948,7/1/2026 16:02,-73.714204,40.709466,1325,234.8300018,F,ACK,JFK,161.5
ASA41,7/1/2026 16:02,-73.770767,40.648945,,120.9400024,T,JFK,SFO,3.8
DAL336,7/1/2026 16:02,-73.657898,40.76825,1950,211.9700012,F,DEN,JFK,166.2
DAL47,7/1/2026 16:02,-73.543417,40.806621,2925,263.7999878,F,AMS,JFK,185.1
EJA948,7/1/2026 16:02,-73.718262,40.706863,1250,226.5299988,F,ACK,JFK,158.4
ASA41,7/1/2026 16:02,-73.770645,40.648888,,120.9400024,T,JFK,SFO,4.3
DAL336,7/1/2026 16:02,-73.660767,40.764816,1950,212.5,F,DEN,JFK,160.1
DAL47,7/1/2026 16:02,-73.549194,40.806152,2925,263.7999878,F,AMS,JFK,185.1
EJA948,7/1/2026 16:02,-73.72132,40.703973,1200,213.6900024,F,ACK,JFK,155
DAL336,7/1/2026 16:02,-73.663452,40.761658,1950,213.1699982,F,DEN,JFK,151.7
ASA41,7/1/2026 16:02,-73.770493,40.648819,,120.9400024,T,JFK,SFO,4.8
DAL47,7/1/2026 16:02,-73.555152,40.805643,2925,263.7999878,F,AMS,JFK,185.1
EJA948,7/1/2026 16:02,-73.723817,40.700715,1150,209.8399963,F,ACK,JFK,148.7
DAL336,7/1/2026 16:02,-73.666077,40.758486,1950,211.5,F,DEN,JFK,145.4
ASA41,7/1/2026 16:02,-73.770353,40.648762,,118.1299973,T,JFK,SFO,5.3
DAL47,7/1/2026 16:02,-73.561332,40.805131,2925,263.7600098,F,AMS,JFK,184.1
EJA948,7/1/2026 16:02,-73.726135,40.697708,1100,210.4700012,F,ACK,JFK,138.1
DAL336,7/1/2026 16:02,-73.668335,40.755615,1950,211.1000061,F,DEN,JFK,141.3
DAL47,7/1/2026 16:02,-73.566956,40.804688,2925,263.7999878,F,AMS,JFK,185.1
ASA41,7/1/2026 16:02,-73.770096,40.648739,,98.4400024,T,JFK,SFO,5.8
EJA948,7/1/2026 16:02,-73.728455,40.694733,1050,212.2400055,F,ACK,JFK,131.2
DAL336,7/1/2026 16:02,-73.670509,40.752853,1925,211.25,F,DEN,JFK,136.9
DAL47,7/1/2026 16:02,-73.573005,40.8042,2925,264.1000061,F,AMS,JFK,185
ASA41,7/1/2026 16:02,-73.769901,40.648762,,81.5599976,T,JFK,SFO,6.8
EJA948,7/1/2026 16:02,-73.730774,40.692078,1000,213.5599976,F,ACK,JFK,124.8
DAL336,7/1/2026 16:02,-73.672818,40.749967,1925,211.0399933,F,DEN,JFK,137.7
DAL47,7/1/2026 16:02,-73.578685,40.803735,2925,264.1000061,F,AMS,JFK,185
ASA41,7/1/2026 16:02,-73.769699,40.64883,,67.5,T,JFK,SFO,7.3
EJA948,7/1/2026 16:03,-73.732931,40.689542,975,212.3600006,F,ACK,JFK,119.6
DAL336,7/1/2026 16:03,-73.675003,40.747174,1925,209.8999939,F,DEN,JFK,138.4
DAL47,7/1/2026 16:03,-73.584717,40.803223,2925,263.1799927,F,AMS,JFK,185.3
ASA41,7/1/2026 16:03,-73.769464,40.648949,,59.0600014,T,JFK,SFO,7.8
DAL336,7/1/2026 16:03,-73.677188,40.744381,1925,211.1799927,F,DEN,JFK,139.1
EJA948,7/1/2026 16:03,-73.734866,40.687028,925,209.25,F,ACK,JFK,114.6
DAL47,7/1/2026 16:03,-73.590271,40.802399,2925,256.6400146,F,AMS,JFK,186
ASA41,7/1/2026 16:03,-73.769241,40.649059,,56.25,T,JFK,SFO,7.8
EJA948,7/1/2026 16:03,-73.736511,40.684708,900,208.1600037,F,ACK,JFK,112.3
DAL336,7/1/2026 16:03,-73.67981,40.741075,1925,211.3099976,F,DEN,JFK,140.5
DAL47,7/1/2026 16:03,-73.595664,40.800895,2900,246.4400024,F,AMS,JFK,187.6
EJA948,7/1/2026 16:03,-73.73822,40.682465,850,211.6799927,F,ACK,JFK,110.5
DAL336,7/1/2026 16:03,-73.682119,40.738143,1925,210.6900024,F,DEN,JFK,143
ASA41,7/1/2026 16:03,-73.768949,40.649181,,64.6900024,T,JFK,SFO,7.3
DAL47,7/1/2026 16:03,-73.601013,40.798645,2825,238.4100037,F,AMS,JFK,189
DAL47,7/1/2026 16:03,-73.60303,40.797683,2800,237.0599976,F,AMS,JFK,189.4
EJA948,7/1/2026 16:03,-73.73999,40.680176,800,210.0700073,F,ACK,JFK,109.8
DAL47,7/1/2026 16:03,-73.603577,40.797409,2800,237.0599976,F,AMS,JFK,189.4
DAL47,7/1/2026 16:03,-73.604065,40.797134,2775,236.6499939,F,AMS,JFK,189.2
DAL47,7/1/2026 16:03,-73.604591,40.796892,2775,236.6499939,F,AMS,JFK,189.2
DAL47,7/1/2026 16:03,-73.605028,40.796659,2750,236.1399994,F,AMS,JFK,190.3
DAL336,7/1/2026 16:03,-73.684753,40.734787,1900,211.1699982,F,DEN,JFK,144.9
DAL47,7/1/2026 16:03,-73.605402,40.796426,2750,236.1399994,F,AMS,JFK,190.3
ASA41,7/1/2026 16:03,-73.768723,40.649197,-50,84.3799973,T,JFK,SFO,6.8
DAL47,7/1/2026 16:03,-73.606026,40.796147,2725,235.7200012,F,AMS,JFK,190
DAL47,7/1/2026 16:03,-73.606401,40.795961,2725,235.7200012,F,AMS,JFK,190
DAL47,7/1/2026 16:03,-73.606934,40.79567,2700,235.4799957,F,AMS,JFK,190.6
DAL47,7/1/2026 16:03,-73.607361,40.795441,2700,235.4799957,F,AMS,JFK,190.6
DAL47,7/1/2026 16:03,-73.607899,40.795123,2675,235.0599976,F,AMS,JFK,190.3
DAL47,7/1/2026 16:03,-73.608398,40.79489,2675,235.0599976,F,AMS,JFK,190.3
EJA948,7/1/2026 16:03,-73.741943,40.67775,750,211.9499969,F,ACK,JFK,109.6
DAL47,7/1/2026 16:03,-73.608887,40.794617,2675,235.0599976,F,AMS,JFK,190.3
DAL47,7/1/2026 16:03,-73.609375,40.794342,2650,235.0599976,F,AMS,JFK,190.3
DAL47,7/1/2026 16:03,-73.609834,40.794145,2650,234.8099976,F,AMS,JFK,190.9
DAL336,7/1/2026 16:03,-73.687195,40.731766,1850,211.7100067,F,DEN,JFK,144.6
DAL47,7/1/2026 16:03,-73.610352,40.793839,2625,234.8099976,F,AMS,JFK,190.9
ASA41,7/1/2026 16:03,-73.768496,40.649158,-50,104.0599976,T,JFK,SFO,6.8
EJA948,7/1/2026 16:03,-73.743792,40.67539,700,210.1399994,F,ACK,JFK,107.5
DAL336,7/1/2026 16:03,-73.689392,40.728973,1775,211.0299988,F,DEN,JFK,143.5
DAL47,7/1/2026 16:03,-73.615265,40.791212,2550,234.8099976,F,AMS,JFK,190.9
ASA41,7/1/2026 16:03,-73.768311,40.649094,-50,112.5,T,JFK,SFO,6.8
EJA948,7/1/2026 16:03,-73.745483,40.673172,650,210.6000061,F,ACK,JFK,108
DAL336,7/1/2026 16:03,-73.691772,40.725906,1700,210.8899994,F,DEN,JFK,142.2
DAL47,7/1/2026 16:03,-73.620117,40.78862,2475,235.0599976,F,AMS,JFK,190.3
EJA948,7/1/2026 16:03,-73.747437,40.670792,600,212.8000031,F,ACK,JFK,107.1
DAL336,7/1/2026 16:03,-73.693848,40.723297,1650,210.5500031,F,DEN,JFK,141.7
DAL47,7/1/2026 16:03,-73.625128,40.785998,2400,235.3000031,F,AMS,JFK,189.7
EJA948,7/1/2026 16:03,-73.749084,40.668732,575,210.4100037,F,ACK,JFK,106.7
DAL336,7/1/2026 16:03,-73.696164,40.720313,1600,211.1000061,F,DEN,JFK,141.3
DAL47,7/1/2026 16:03,-73.630005,40.783401,2300,235.0599976,F,AMS,JFK,190.3
ASA41,7/1/2026 16:03,-73.767638,40.648797,-50,120.9400024,T,JFK,SFO,8.3
DAL47,7/1/2026 16:03,-73.633305,40.781622,2225,234.6399994,F,AMS,JFK,190.1
DAL47,7/1/2026 16:03,-73.633742,40.78139,2225,234.3899994,F,AMS,JFK,190.6
EJA948,7/1/2026 16:03,-73.750784,40.666452,525,208.7400055,F,ACK,JFK,106.1
DAL47,7/1/2026 16:03,-73.634277,40.781113,2200,234.3899994,F,AMS,JFK,190.6
DAL336,7/1/2026 16:03,-73.698608,40.717209,1525,210.9600067,F,DEN,JFK,139.9
DAL47,7/1/2026 16:03,-73.634678,40.780878,2200,234.3899994,F,AMS,JFK,190.6
DAL47,7/1/2026 16:03,-73.63524,40.780552,2175,234.3899994,F,AMS,JFK,190.6
ASA41,7/1/2026 16:03,-73.767404,40.648739,-50,104.0599976,T,JFK,SFO,8.3
EJA948,7/1/2026 16:03,-73.752407,40.664264,475,210.4900055,F,ACK,JFK,104.4
DAL336,7/1/2026 16:03,-73.700928,40.714233,1450,210.6100006,F,DEN,JFK,139.4
DAL47,7/1/2026 16:04,-73.64032,40.777817,2075,234.3899994,F,AMS,JFK,190.6
ASA41,7/1/2026 16:04,-73.767107,40.648797,-50,75.9400024,T,JFK,SFO,7.3
EJA948,7/1/2026 16:04,-73.754089,40.662094,400,211.4299927,F,ACK,JFK,105.5
DAL336,7/1/2026 16:04,-73.703125,40.711441,1400,210.6100006,F,DEN,JFK,139.4
DAL47,7/1/2026 16:04,-73.645691,40.774933,2000,235.3000031,F,AMS,JFK,189.7
ASA41,7/1/2026 16:04,-73.766953,40.648876,-50,56.25,T,JFK,SFO,5.8
EJA948,7/1/2026 16:04,-73.755902,40.659842,375,210.4900055,F,ACK,JFK,104.4
DAL336,7/1/2026 16:04,-73.705444,40.70842,1350,210.8200073,F,DEN,JFK,138.6
DAL47,7/1/2026 16:04,-73.650513,40.772415,1950,234.9600067,F,AMS,JFK,188.1
ASA41,7/1/2026 16:04,-73.766857,40.648995,-50,39.3800011,T,JFK,SFO,5.3
EJA948,7/1/2026 16:04,-73.757568,40.6577,325,211.25,F,ACK,JFK,104.1
DAL336,7/1/2026 16:04,-73.707712,40.70551,1275,210.8200073,F,DEN,JFK,138.6
DAL47,7/1/2026 16:04,-73.655212,40.769531,1925,228.2599945,F,AMS,JFK,186.3
EJA948,7/1/2026 16:04,-73.75946,40.655411,300,211.5299988,F,ACK,JFK,103.2
DAL336,7/1/2026 16:04,-73.709839,40.702789,1225,210.6100006,F,DEN,JFK,139.4
DAL47,7/1/2026 16:04,-73.659485,40.766098,1925,220.8399963,F,AMS,JFK,185
ASA41,7/1/2026 16:04,-73.766678,40.649197,-50,33.75,T,JFK,SFO,6.8
EJA948,7/1/2026 16:04,-73.761292,40.653168,250,211.3500061,F,ACK,JFK,101.9
DAL336,7/1/2026 16:04,-73.712158,40.699814,1150,210.6100006,F,DEN,JFK,139.4
DAL47,7/1/2026 16:04,-73.663025,40.762482,1925,215.0399933,F,AMS,JFK,188.1
EJA948,7/1/2026 16:04,-73.762939,40.651016,225,210.7700043,F,ACK,JFK,103.6
DAL336,7/1/2026 16:04,-73.714417,40.69693,1100,211.0399933,F,DEN,JFK,137.7
DAL47,7/1/2026 16:04,-73.666389,40.758533,1925,211.9400024,F,AMS,JFK,190.9
DAL336,7/1/2026 16:04,-73.716701,40.694058,1025,211.3300018,F,DEN,JFK,134.6
EJA948,7/1/2026 16:04,-73.765076,40.64827,150,211.1600037,F,ACK,JFK,100.5
DAL47,7/1/2026 16:04,-73.669556,40.754562,1925,210.8600006,F,AMS,JFK,191
DAL336,7/1/2026 16:04,-73.718511,40.691683,975,210.2299957,F,DEN,JFK,133.1
DAL47,7/1/2026 16:04,-73.672791,40.750397,1900,210.3399963,F,AMS,JFK,190
EJA948,7/1/2026 16:04,-73.766968,40.645889,100,210.4700012,F,ACK,JFK,98.6
DAL336,7/1/2026 16:04,-73.720886,40.68869,925,211.4100037,F,DEN,JFK,132.4
ASA41,7/1/2026 16:04,-73.766083,40.649929,-50,30.9400005,T,JFK,SFO,7.8
DAL47,7/1/2026 16:04,-73.675903,40.746277,1925,209.9299927,F,AMS,JFK,190.4
EJA948,7/1/2026 16:04,-73.768616,40.643692,50,209.7400055,F,ACK,JFK,96.7
DAL336,7/1/2026 16:04,-73.723256,40.685725,875,211.1799927,F,DEN,JFK,133.3
DAL47,7/1/2026 16:04,-73.678833,40.742477,1925,210.6000061,F,AMS,JFK,190.5
EJA948,7/1/2026 16:04,-73.770325,40.641495,0,210.8600006,F,ACK,JFK,95.5
DAL336,7/1/2026 16:04,-73.725525,40.682831,800,211.6399994,F,DEN,JFK,131.5
DAL47,7/1/2026 16:04,-73.682119,40.738329,1925,210.6000061,F,AMS,JFK,190.5
ASA41,7/1/2026 16:05,-73.765749,40.650368,-50,30.9400005,T,JFK,SFO,7.8
EJA948,7/1/2026 16:05,-73.772339,40.638977,-50,212.3300018,F,ACK,JFK,93.5
DAL336,7/1/2026 16:05,-73.727937,40.679813,725,211.0399933,F,DEN,JFK,131.9
DAL47,7/1/2026 16:05,-73.685115,40.734418,1850,210.2299957,F,AMS,JFK,188.7
EJA948,7/1/2026 16:05,-73.77363,40.637322,-50,210.9400024,T,ACK,JFK,77
DAL336,7/1/2026 16:05,-73.729997,40.677159,675,210.0700073,F,DEN,JFK,131.7
DAL47,7/1/2026 16:05,-73.688174,40.730462,1800,210.5899963,F,AMS,JFK,184.7
EJA948,7/1/2026 16:05,-73.774832,40.635798,-50,210.9400024,T,ACK,JFK,65.5
DAL47,7/1/2026 16:05,-73.690484,40.727482,1725,210.6399994,F,AMS,JFK,182.5
DAL336,7/1/2026 16:05,-73.732182,40.674273,625,210.5099945,F,DEN,JFK,130
DAL47,7/1/2026 16:05,-73.690858,40.727063,1725,210.6399994,F,AMS,JFK,182.5
DAL47,7/1/2026 16:05,-73.691108,40.726691,1725,210.6399994,F,AMS,JFK,182.5
DAL47,7/1/2026 16:05,-73.691467,40.726318,1700,210.8000031,F,AMS,JFK,181.6
DAL47,7/1/2026 16:05,-73.692078,40.725494,1675,210.8000031,F,AMS,JFK,181.6
DAL47,7/1/2026 16:05,-73.692356,40.725108,1675,210.8000031,F,AMS,JFK,181.6
DAL47,7/1/2026 16:05,-73.692669,40.724736,1650,210.8000031,F,AMS,JFK,181.6
EJA948,7/1/2026 16:05,-73.775833,40.634502,-50,210.9400024,T,ACK,JFK,51.5
DAL336,7/1/2026 16:05,-73.734375,40.671478,550,210.5800018,F,DEN,JFK,127.8
ASA41,7/1/2026 16:05,-73.765213,40.650959,,47.8100014,T,JFK,SFO,6.3
DAL47,7/1/2026 16:05,-73.695496,40.7211,1575,210.8000031,F,AMS,JFK,175.8
EJA948,7/1/2026 16:05,-73.776502,40.633644,-50,210.9400024,T,ACK,JFK,34.5
DAL336,7/1/2026 16:05,-73.736302,40.669013,500,211.0399933,F,DEN,JFK,126.1
DAL47,7/1/2026 16:05,-73.698349,40.71752,1500,210.6199951,F,AMS,JFK,170.8
ASA41,7/1/2026 16:05,-73.764969,40.651008,,70.3099976,T,JFK,SFO,6.3
EJA948,7/1/2026 16:05,-73.777032,40.633074,-50,225,T,ACK,JFK,18.5
DAL336,7/1/2026 16:05,-73.738586,40.666168,450,211.0399933,F,DEN,JFK,126.1
DAL47,7/1/2026 16:05,-73.700989,40.714096,1425,210.5500031,F,AMS,JFK,167.2
ASA41,7/1/2026 16:05,-73.764771,40.650993,-50,95.6299973,T,JFK,SFO,6.3
EJA948,7/1/2026 16:05,-73.777557,40.632957,-50,267.1900024,T,ACK,JFK,16.5
DAL336,7/1/2026 16:05,-73.740422,40.663799,400,210.4199982,F,DEN,JFK,126.4
DAL47,7/1/2026 16:05,-73.703717,40.710537,1350,210.6600037,F,AMS,JFK,162.8
EJA948,7/1/2026 16:05,-73.778,40.63306,-50,298.1300049,T,ACK,JFK,14.8
ASA41,7/1/2026 16:05,-73.76461,40.650939,-50,109.6900024,T,JFK,SFO,5.3
DAL336,7/1/2026 16:05,-73.742731,40.660773,350,210.7400055,F,DEN,JFK,129.1
DAL47,7/1/2026 16:05,-73.706421,40.707138,1275,210.5899963,F,AMS,JFK,159.2
DAL336,7/1/2026 16:05,-73.744791,40.658212,300,211.1199951,F,DEN,JFK,129.7
DAL47,7/1/2026 16:05,-73.708898,40.703927,1225,210.8399963,F,AMS,JFK,156.1
EJA948,7/1/2026 16:05,-73.778546,40.633307,-50,298.1300049,T,ACK,JFK,8.3
DAL336,7/1/2026 16:05,-73.747038,40.655326,225,210.7400055,F,DEN,JFK,129.1
DAL47,7/1/2026 16:05,-73.711426,40.700729,1150,210.7700043,F,AMS,JFK,152.5
EJA948,7/1/2026 16:05,-73.778809,40.633392,-50,289.6900024,T,ACK,JFK,9.3
DAL336,7/1/2026 16:05,-73.749146,40.652573,175,210.7400055,F,DEN,JFK,129.1
DAL47,7/1/2026 16:05,-73.713867,40.697617,1075,210.6999969,F,AMS,JFK,148.9
DAL336,7/1/2026 16:06,-73.751158,40.649973,125,210.3500061,F,DEN,JFK,128.6
EJA948,7/1/2026 16:06,-73.779373,40.633365,-50,261.5599976,T,ACK,JFK,10.8
DAL47,7/1/2026 16:06,-73.716309,40.69455,1025,210.8300018,F,AMS,JFK,144.4
DAL336,7/1/2026 16:06,-73.753281,40.647273,75,210.3500061,F,DEN,JFK,128.6
EJA948,7/1/2026 16:06,-73.779748,40.633295,-50,258.75,T,ACK,JFK,11.8
DAL47,7/1/2026 16:06,-73.718872,40.691299,950,211.1000061,F,AMS,JFK,141.3
DAL47,7/1/2026 16:06,-73.721069,40.688553,900,211.1799927,F,AMS,JFK,139.1
EJA948,7/1/2026 16:06,-73.780151,40.633289,-50,272.8099976,T,ACK,JFK,12.8
EJA948,7/1/2026 16:06,-73.780528,40.633342,-50,284.0599976,T,ACK,JFK,13.8
DAL47,7/1/2026 16:06,-73.723318,40.685632,825,210.8200073,F,AMS,JFK,138.6
DAL47,7/1/2026 16:06,-73.725565,40.682839,775,211.0399933,F,AMS,JFK,137.7
EJA948,7/1/2026 16:06,-73.780975,40.633472,-50,292.5,T,ACK,JFK,15.5
DAL336,7/1/2026 16:06,-73.761307,40.637009,-50,210.9400024,T,DEN,JFK,93
DAL47,7/1/2026 16:06,-73.727722,40.680038,725,210.4700012,F,AMS,JFK,138.1
EJA948,7/1/2026 16:06,-73.781574,40.633714,-50,298.1300049,T,ACK,JFK,16.5
DAL47,7/1/2026 16:06,-73.729935,40.677159,675,210.2599945,F,AMS,JFK,138.9
EJA948,7/1/2026 16:06,-73.782073,40.633935,-50,300.9400024,T,ACK,JFK,18.5
DAL336,7/1/2026 16:06,-73.763657,40.634022,-25,210.9400024,T,DEN,JFK,55.5
DAL47,7/1/2026 16:06,-73.732239,40.674179,575,210.4700012,F,AMS,JFK,138.1
DAL336,7/1/2026 16:06,-73.764511,40.632923,-25,208.1300049,T,DEN,JFK,46.5
DAL47,7/1/2026 16:06,-73.734492,40.67134,525,210.8899994,F,AMS,JFK,136.3
DAL336,7/1/2026 16:06,-73.765244,40.631985,-25,210.9400024,T,DEN,JFK,44.5
DAL47,7/1/2026 16:06,-73.736755,40.668457,475,210.75,F,AMS,JFK,135
DAL336,7/1/2026 16:06,-73.76628,40.630828,-25,219.3800049,T,DEN,JFK,42.5
DAL47,7/1/2026 16:06,-73.738831,40.665756,400,210.9600067,F,AMS,JFK,134.1
DAL47,7/1/2026 16:07,-73.741108,40.662868,375,210.75,F,AMS,JFK,135
DAL336,7/1/2026 16:07,-73.767654,40.629868,-25,233.4400024,T,DEN,JFK,35.5
DAL47,7/1/2026 16:07,-73.743543,40.659842,300,211.3099976,F,AMS,JFK,140.5
DAL336,7/1/2026 16:07,-73.76873,40.629408,-25,241.8800049,T,DEN,JFK,27.5
DAL47,7/1/2026 16:07,-73.74579,40.656956,250,210.5500031,F,AMS,JFK,141.7
DAL336,7/1/2026 16:07,-73.769531,40.629295,-25,270,T,DEN,JFK,21.5
DAL47,7/1/2026 16:07,-73.7481,40.653976,175,210.1999969,F,AMS,JFK,141.2
ASA41,7/1/2026 16:07,-73.764407,40.650846,,118.1299973,T,JFK,SFO,2.8
DAL336,7/1/2026 16:07,-73.770172,40.629513,-25,298.1300049,T,DEN,JFK,22.5
DAL47,7/1/2026 16:07,-73.750347,40.651043,100,210.4700012,F,AMS,JFK,138.1
ASA41,7/1/2026 16:07,-73.764221,40.650776,,118.1299973,T,JFK,SFO,6.8
DAL336,7/1/2026 16:07,-73.770813,40.629799,-25,300.9400024,T,DEN,JFK,23.5
DAL47,7/1/2026 16:07,-73.752532,40.64825,50,210.75,F,AMS,JFK,135
DAL336,7/1/2026 16:07,-73.771423,40.630085,-25,300.9400024,T,DEN,JFK,21.5
ASA41,7/1/2026 16:07,-73.763924,40.650636,,120.9400024,T,JFK,SFO,9.3
DAL47,7/1/2026 16:07,-73.755153,40.644852,-50,210.6000061,F,AMS,JFK,133.6
DAL336,7/1/2026 16:07,-73.771957,40.630325,-25,300.9400024,T,DEN,JFK,20.5
ASA41,7/1/2026 16:07,-73.763674,40.650485,,132.1900024,T,JFK,SFO,8.8
DAL336,7/1/2026 16:07,-73.772476,40.630566,-25,300.9400024,T,DEN,JFK,19.5
DAL47,7/1/2026 16:07,-73.759648,40.639126,-100,210.8200073,F,AMS,JFK,132.7
DAL336,7/1/2026 16:07,-73.773071,40.630829,-25,300.9400024,T,DEN,JFK,19.5
ASA41,7/1/2026 16:07,-73.763657,40.650112,,191.25,T,JFK,SFO,7.8
DAL47,7/1/2026 16:07,-73.761292,40.636963,-125,210.9600067,F,AMS,JFK,105
DAL336,7/1/2026 16:07,-73.773682,40.631104,-25,300.9400024,T,DEN,JFK,20.5
DAL47,7/1/2026 16:07,-73.762909,40.63496,-125,210.9400024,T,AMS,JFK,85
ASA41,7/1/2026 16:07,-73.76387,40.649815,,210.9400024,T,JFK,SFO,8.3
DAL336,7/1/2026 16:07,-73.774208,40.63134,-25,300.9400024,T,DEN,JFK,19.5
DAL47,7/1/2026 16:08,-73.764033,40.633516,-50,210.9400024,T,AMS,JFK,64.5
DAL336,7/1/2026 16:08,-73.774754,40.631585,-25,300.9400024,T,DEN,JFK,17.5
DAL47,7/1/2026 16:08,-73.764969,40.632317,-25,210.9400024,T,AMS,JFK,58.5
ASA41,7/1/2026 16:08,-73.764221,40.649368,,210.9400024,T,JFK,SFO,24.5
DAL336,7/1/2026 16:08,-73.775192,40.63179,-25,300.9400024,T,DEN,JFK,13.8
ASA41,7/1/2026 16:08,-73.765015,40.64835,-50,210.9400024,T,JFK,SFO,51.5
DAL47,7/1/2026 16:08,-73.766266,40.630783,-25,216.5599976,T,AMS,JFK,48.5
DAL336,7/1/2026 16:08,-73.775565,40.631957,-25,300.9400024,T,DEN,JFK,10.8
ASA41,7/1/2026 16:08,-73.766077,40.646993,-50,210.9400024,T,JFK,SFO,73
DAL336,7/1/2026 16:08,-73.775815,40.632073,-25,300.9400024,T,DEN,JFK,8.3
DAL47,7/1/2026 16:08,-73.768184,40.629618,-25,239.0599976,T,AMS,JFK,38.5
ASA41,7/1/2026 16:08,-73.767575,40.645038,-50,211.0700073,F,JFK,SFO,96.9
DAL336,7/1/2026 16:08,-73.776001,40.632156,-25,300.9400024,T,DEN,JFK,5.3
DAL47,7/1/2026 16:08,-73.769027,40.62928,-25,244.6900024,T,AMS,JFK,24.5
ASA41,7/1/2026 16:08,-73.769287,40.642868,-50,210.6999969,F,JFK,SFO,111.6
DAL336,7/1/2026 16:08,-73.776108,40.632202,-25,300.9400024,T,DEN,JFK,2.3
DAL47,7/1/2026 16:08,-73.769573,40.629257,-25,267.1900024,T,AMS,JFK,18.5
ASA41,7/1/2026 16:08,-73.772132,40.639266,-50,210.9600067,F,JFK,SFO,139.9
DAL336,7/1/2026 16:08,-73.776138,40.632214,-25,300.9400024,T,DEN,JFK,0.3
DAL47,7/1/2026 16:08,-73.770119,40.629466,-25,295.3099976,T,AMS,JFK,18.5
ASA41,7/1/2026 16:08,-73.775378,40.635076,-50,210.6499939,F,JFK,SFO,156.9
DAL47,7/1/2026 16:08,-73.770634,40.629711,-25,300.9400024,T,AMS,JFK,19.5
ASA41,7/1/2026 16:08,-73.77825,40.631445,0,211.0800018,F,JFK,SFO,176.3
ASA41,7/1/2026 16:08,-73.778874,40.6307,25,211.3500061,F,JFK,SFO,176.8
ASA41,7/1/2026 16:08,-73.779175,40.630325,25,211.4600067,F,JFK,SFO,178.2
DAL47,7/1/2026 16:08,-73.77118,40.629955,-25,300.9400024,T,AMS,JFK,20.5
ASA41,7/1/2026 16:08,-73.779663,40.629684,50,211.4600067,F,JFK,SFO,178.2
DAL336,7/1/2026 16:08,-73.776143,40.632213,-25,300.9400024,T,DEN,JFK,0
ASA41,7/1/2026 16:08,-73.780579,40.62854,100,211.2899933,F,JFK,SFO,179
ASA41,7/1/2026 16:08,-73.780871,40.628233,100,211.5700073,F,JFK,SFO,179.6
ASA41,7/1/2026 16:08,-73.781121,40.62786,125,211.5700073,F,JFK,SFO,179.6
ASA41,7/1/2026 16:08,-73.781433,40.627488,150,211.5700073,F,JFK,SFO,179.6
ASA41,7/1/2026 16:08,-73.781745,40.627069,175,211.2899933,F,JFK,SFO,179
ASA41,7/1/2026 16:08,-73.782057,40.626743,175,211.2899933,F,JFK,SFO,179
DAL47,7/1/2026 16:08,-73.771742,40.630211,-25,300.9400024,T,AMS,JFK,21.5
ASA41,7/1/2026 16:08,-73.782369,40.626278,200,211.1300049,F,JFK,SFO,179.9
ASA41,7/1/2026 16:08,-73.782654,40.625977,200,211.1300049,F,JFK,SFO,179.9
DAL336,7/1/2026 16:08,-73.776184,40.632236,-25,300.9400024,T,DEN,JFK,2.8
ASA41,7/1/2026 16:08,-73.782931,40.625579,225,210.9600067,F,JFK,SFO,180.8
ASA41,7/1/2026 16:08,-73.783306,40.62516,250,210.9600067,F,JFK,SFO,180.8
ASA41,7/1/2026 16:08,-73.783569,40.624741,275,210.9600067,F,JFK,SFO,180.8
ASA41,7/1/2026 16:08,-73.783875,40.62442,300,210.9600067,F,JFK,SFO,180.8
ASA41,7/1/2026 16:08,-73.78418,40.623997,325,210.9600067,F,JFK,SFO,180.8
ASA41,7/1/2026 16:08,-73.784492,40.623624,350,211.2299957,F,JFK,SFO,181.3
ASA41,7/1/2026 16:08,-73.784741,40.623298,350,211.2299957,F,JFK,SFO,181.3
ASA41,7/1/2026 16:09,-73.785095,40.62291,375,211.2299957,F,JFK,SFO,181.3
ASA41,7/1/2026 16:09,-73.785339,40.622543,400,211.5,F,JFK,SFO,181.8
DAL47,7/1/2026 16:09,-73.772397,40.630502,-25,300.9400024,T,AMS,JFK,21.5
ASA41,7/1/2026 16:09,-73.785615,40.622228,425,211.5,F,JFK,SFO,181.8
DAL336,7/1/2026 16:09,-73.776377,40.632329,-25,300.9400024,T,DEN,JFK,10.3
ASA41,7/1/2026 16:09,-73.78599,40.621762,450,211.5,F,JFK,SFO,181.8
ASA41,7/1/2026 16:09,-73.78624,40.621436,475,211.6699982,F,JFK,SFO,180.9
ASA41,7/1/2026 16:09,-73.786864,40.620645,525,211.6699982,F,JFK,SFO,180.9
ASA41,7/1/2026 16:09,-73.787231,40.620255,550,211.6699982,F,JFK,SFO,180.9
ASA41,7/1/2026 16:09,-73.787488,40.619946,575,211.6699982,F,JFK,SFO,180.9
ASA41,7/1/2026 16:09,-73.787675,40.619621,575,211.6699982,F,JFK,SFO,180.9
ASA41,7/1/2026 16:09,-73.78805,40.619202,600,211.5,F,JFK,SFO,181.8
ASA41,7/1/2026 16:09,-73.788269,40.618881,625,211.5,F,JFK,SFO,181.8
DAL47,7/1/2026 16:09,-73.77299,40.630782,-25,300.9400024,T,AMS,JFK,22.5
ASA41,7/1/2026 16:09,-73.788612,40.618503,650,211.5,F,JFK,SFO,181.8
DAL336,7/1/2026 16:09,-73.776733,40.632477,-25,300.9400024,T,DEN,JFK,14.8
ASA41,7/1/2026 16:09,-73.788879,40.618149,650,211.5,F,JFK,SFO,181.8
ASA41,7/1/2026 16:09,-73.789173,40.617759,675,211.6100006,F,JFK,SFO,183.2
ASA41,7/1/2026 16:09,-73.789486,40.617386,700,211.6100006,F,JFK,SFO,183.2
ASA41,7/1/2026 16:09,-73.789795,40.617004,725,211.6100006,F,JFK,SFO,183.2
ASA41,7/1/2026 16:09,-73.7901,40.616638,750,211.7100067,F,JFK,SFO,184.5
ASA41,7/1/2026 16:09,-73.790359,40.616315,750,211.7100067,F,JFK,SFO,184.5
ASA41,7/1/2026 16:09,-73.790734,40.615896,775,211.7100067,F,JFK,SFO,184.5
ASA41,7/1/2026 16:09,-73.790984,40.615617,800,211.7100067,F,JFK,SFO,184.5
ASA41,7/1/2026 16:09,-73.791233,40.615291,800,211.9700012,F,JFK,SFO,185.1
DAL47,7/1/2026 16:09,-73.773636,40.631069,-25,300.9400024,T,AMS,JFK,23.5
ASA41,7/1/2026 16:09,-73.791443,40.61499,825,211.9700012,F,JFK,SFO,185.1
ASA41,7/1/2026 16:09,-73.791795,40.614593,825,211.9700012,F,JFK,SFO,185.1
DAL336,7/1/2026 16:09,-73.777204,40.632702,-25,300.9400024,T,DEN,JFK,17.5
ASA41,7/1/2026 16:09,-73.792053,40.614258,850,211.8099976,F,JFK,SFO,185.9
ASA41,7/1/2026 16:09,-73.792357,40.613895,850,211.8099976,F,JFK,SFO,185.9
ASA41,7/1/2026 16:09,-73.792908,40.613205,900,211.6499939,F,JFK,SFO,186.8
ASA41,7/1/2026 16:09,-73.792607,40.613522,875,211.6499939,F,JFK,SFO,186.8
ASA41,7/1/2026 16:09,-73.793169,40.612871,900,211.6499939,F,JFK,SFO,186.8
ASA41,7/1/2026 16:09,-73.793481,40.612498,925,211.6499939,F,JFK,SFO,186.8
ASA41,7/1/2026 16:09,-73.793793,40.612126,925,211.4900055,F,JFK,SFO,187.6
ASA41,7/1/2026 16:09,-73.794067,40.61174,950,211.4900055,F,JFK,SFO,187.6
ASA41,7/1/2026 16:09,-73.794355,40.611381,950,211.3300018,F,JFK,SFO,188.5
DAL47,7/1/2026 16:09,-73.774239,40.63134,-25,300.9400024,T,AMS,JFK,21.5
ASA41,7/1/2026 16:09,-73.794667,40.611008,975,211.3300018,F,JFK,SFO,188.5
ASA41,7/1/2026 16:09,-73.794922,40.610687,975,211.1699982,F,JFK,SFO,189.3
DAL336,7/1/2026 16:09,-73.777719,40.632923,-25,300.9400024,T,DEN,JFK,16.5
ASA41,7/1/2026 16:09,-73.795227,40.610321,1000,211.1699982,F,JFK,SFO,189.3
ASA41,7/1/2026 16:09,-73.795541,40.609891,1000,210.7599945,F,JFK,SFO,189.7
ASA41,7/1/2026 16:09,-73.795915,40.609426,1025,210.7599945,F,JFK,SFO,189.7
ASA41,7/1/2026 16:09,-73.796165,40.609053,1025,210.6000061,F,JFK,SFO,190.5
ASA41,7/1/2026 16:09,-73.796539,40.608588,1050,210.4499969,F,JFK,SFO,191.4
ASA41,7/1/2026 16:09,-73.796851,40.608215,1050,210.4499969,F,JFK,SFO,191.4
EJA948,7/1/2026 16:09,-73.801502,40.643223,,300.9400024,T,ACK,JFK,22.5
ASA41,7/1/2026 16:09,-73.797101,40.607889,1075,210.4499969,F,JFK,SFO,191.4
ASA41,7/1/2026 16:09,-73.797351,40.607517,1075,210.3000031,F,JFK,SFO,192.3
DAL47,7/1/2026 16:09,-73.774707,40.63155,-25,300.9400024,T,AMS,JFK,13.3
ASA41,7/1/2026 16:09,-73.797729,40.607117,1075,210.3000031,F,JFK,SFO,192.3
DAL336,7/1/2026 16:09,-73.778094,40.633098,-25,300.9400024,T,DEN,JFK,14.3
ASA41,7/1/2026 16:09,-73.799438,40.604828,1150,210.1100006,F,JFK,SFO,195.4
ASA41,7/1/2026 16:09,-73.799683,40.604507,1150,210.1100006,F,JFK,SFO,195.4
ASA41,7/1/2026 16:09,-73.799927,40.604141,1175,210.1100006,F,JFK,SFO,195.4
ASA41,7/1/2026 16:09,-73.800222,40.603793,1175,209.9600067,F,JFK,SFO,196.2
ASA41,7/1/2026 16:09,-73.800534,40.603374,1175,209.9600067,F,JFK,SFO,196.2
DAL47,7/1/2026 16:09,-73.77507,40.631721,-25,300.9400024,T,AMS,JFK,14.3
ASA41,7/1/2026 16:09,-73.800846,40.603001,1200,209.9600067,F,JFK,SFO,196.2
ASA41,7/1/2026 16:09,-73.801086,40.602631,1200,209.8200073,F,JFK,SFO,197.1
DAL336,7/1/2026 16:09,-73.778351,40.633347,-25,323.4400024,T,DEN,JFK,12.8
DAL47,7/1/2026 16:09,-73.775487,40.63191,-25,300.9400024,T,AMS,JFK,14.3
ASA41,7/1/2026 16:09,-73.80428,40.598393,1300,209.6000061,F,JFK,SFO,202.4
DAL336,7/1/2026 16:09,-73.77832,40.633678,-25,5.6300001,T,DEN,JFK,13.8
DAL47,7/1/2026 16:09,-73.775818,40.632053,-25,300.9400024,T,AMS,JFK,8.8
ASA41,7/1/2026 16:09,-73.807495,40.594025,1375,209.5099945,F,JFK,SFO,209.1
DAL336,7/1/2026 16:09,-73.77803,40.63393,-25,39.3800011,T,DEN,JFK,13.8
ASA41,7/1/2026 16:09,-73.80815,40.593132,1400,209.6100006,F,JFK,SFO,210.5
ASA41,7/1/2026 16:09,-73.808524,40.592713,1400,209.6100006,F,JFK,SFO,210.5
ASA41,7/1/2026 16:09,-73.808837,40.592294,1425,209.6100006,F,JFK,SFO,210.5
ASA41,7/1/2026 16:09,-73.809149,40.591875,1425,209.6100006,F,JFK,SFO,210.5
ASA41,7/1/2026 16:09,-73.809448,40.591415,1450,209.4799957,F,JFK,SFO,211.4
ASA41,7/1/2026 16:09,-73.809814,40.590958,1450,209.4799957,F,JFK,SFO,211.4
ASA41,7/1/2026 16:09,-73.81012,40.590546,1475,209.5800018,F,JFK,SFO,212.7
DAL47,7/1/2026 16:09,-73.776016,40.632145,-25,300.9400024,T,AMS,JFK,7.3
ASA41,7/1/2026 16:09,-73.810459,40.59006,1475,209.5800018,F,JFK,SFO,212.7
ASA41,7/1/2026 16:09,-73.810834,40.589548,1500,209.5800018,F,JFK,SFO,212.7
ASA41,7/1/2026 16:09,-73.811218,40.589081,1500,209.5800018,F,JFK,SFO,212.7
ASA41,7/1/2026 16:09,-73.811523,40.588669,1525,209.4499969,F,JFK,SFO,213.6
ASA41,7/1/2026 16:09,-73.811768,40.588303,1525,209.4499969,F,JFK,SFO,213.6
ASA41,7/1/2026 16:09,-73.812145,40.587825,1550,209.3099976,F,JFK,SFO,214.5
DAL336,7/1/2026 16:09,-73.777672,40.634308,-25,33.75,T,DEN,JFK,14.8
DAL47,7/1/2026 16:09,-73.776158,40.632201,-25,300.9400024,T,AMS,JFK,2.8
DAL336,7/1/2026 16:09,-73.777451,40.634594,-25,30.9400005,T,DEN,JFK,14.3
ASA41,7/1/2026 16:09,-73.815391,40.58331,1625,209.1300049,F,JFK,SFO,219.8
