OBJECTID,Name,AgencyID,Speed,DateTime,X,Y,TruckCapacityMT,TypeofTruck
1,UP16AB1234,5,45,2025-05-01T23:59:59+00:00,77.3707572,28.5240662,80,Biomedical Garbage Trucks
2,UP16AB1234,5,45,2025-05-02T23:59:59+00:00,77.3721192,28.5232247,80,Biomedical Garbage Trucks
3,UP16AB1234,5,45,2025-05-03T23:59:59+00:00,77.37352428,28.52203874,80,Biomedical Garbage Trucks
4,UP16AB1234,5,45,2025-05-04T23:59:59+00:00,77.37547579,28.52103662,80,Biomedical Garbage Trucks
5,UP16AB1234,5,45,2025-05-05T23:59:59+00:00,77.37784924,28.51929608,80,Biomedical Garbage Trucks
6,UP16AB1234,5,45,2025-05-06T23:59:59+00:00,77.37953703,28.51739732,80,Biomedical Garbage Trucks
7,UP16AB1234,5,45,2025-05-07T23:59:59+00:00,77.38175226,28.51549855,80,Biomedical Garbage Trucks
8,UP16AB1234,5,45,2025-05-08T23:59:59+00:00,77.38433669,28.51344156,80,Biomedical Garbage Trucks
9,UP16AB1234,5,45,2025-05-09T23:59:59+00:00,77.3858026,28.511894,80,Biomedical Garbage Trucks
10,UP16AB1234,5,45,2025-05-10T23:59:59+00:00,77.38732349,28.51027213,80,Biomedical Garbage Trucks
11,UP16AB1234,5,60,2025-05-11T23:59:59+00:00,77.3881116,28.50924898,80,Biomedical Garbage Trucks
12,UP16AB1234,5,60,2025-05-12T23:59:59+00:00,77.38887205,28.50850236,80,Biomedical Garbage Trucks
13,UP16AB1234,5,60,2025-05-13T23:59:59+00:00,77.38962159,28.50763977,80,Biomedical Garbage Trucks
14,UP16AB1234,5,60,2025-05-14T23:59:59+00:00,77.3910189,28.5069578,80,Biomedical Garbage Trucks
15,UP16AB1234,5,45,2025-05-15T23:59:59+00:00,77.3925732,28.50622878,80,Biomedical Garbage Trucks
16,UP16AB1234,5,45,2025-05-16T23:59:59+00:00,77.3943015,28.50586152,80,Biomedical Garbage Trucks
17,UP16AB1234,5,45,2025-05-17T23:59:59+00:00,77.39529527,28.50491095,80,Biomedical Garbage Trucks
18,UP16AB1234,5,45,2025-05-18T23:59:59+00:00,77.3972396,28.50421963,80,Biomedical Garbage Trucks
19,UP16AB1234,5,45,2025-05-19T23:59:59+00:00,77.39825498,28.50367954,80,Biomedical Garbage Trucks
20,UP16AB1234,5,64,2025-05-20T23:59:59+00:00,77.39998328,28.50333388,80,Biomedical Garbage Trucks
21,UP16AB1234,5,64,2025-05-21T23:59:59+00:00,77.40194922,28.5023185,80,Biomedical Garbage Trucks
22,UP16AB1234,5,64,2025-05-22T23:59:59+00:00,77.40328865,28.50188643,80,Biomedical Garbage Trucks
23,UP16AB1234,5,64,2025-05-23T23:59:59+00:00,77.40428242,28.50134634,80,Biomedical Garbage Trucks
24,UP16AB1234,5,64,2025-05-24T23:59:59+00:00,77.40536261,28.50076304,80,Biomedical Garbage Trucks
25,UP16AB1234,5,64,2025-05-25T23:59:59+00:00,77.40711251,28.50015813,80,Biomedical Garbage Trucks
26,UP16AB1234,5,64,2025-05-26T23:59:59+00:00,77.40804147,28.49979087,80,Biomedical Garbage Trucks
27,UP16AB1234,5,64,2025-05-27T23:59:59+00:00,77.40955373,28.499402,80,Biomedical Garbage Trucks
28,UP16AB1234,5,64,2025-05-28T23:59:59+00:00,77.41063392,28.49875389,80,Biomedical Garbage Trucks
29,UP16AB1234,5,64,2025-05-29T23:59:59+00:00,77.41223259,28.49791134,80,Biomedical Garbage Trucks
30,UP16AB1234,5,64,2025-05-30T23:59:59+00:00,77.41280052,28.49792683,80,Biomedical Garbage Trucks
31,UP16AB1234,5,45,2025-05-31T23:59:59+00:00,77.41428495,28.49728484,80,Biomedical Garbage Trucks
32,UP16AB1234,5,45,2025-06-01T23:59:59+00:00,77.41609966,28.49680955,80,Biomedical Garbage Trucks
33,UP16AB1234,5,45,2025-06-02T23:59:59+00:00,77.41763352,28.4959022,80,Biomedical Garbage Trucks
34,UP16AB1234,5,45,2025-06-03T23:59:59+00:00,77.41579721,28.49657191,80,Biomedical Garbage Trucks
35,UP16AB1234,5,40,2025-06-04T23:59:59+00:00,77.4192322,28.49499484,80,Biomedical Garbage Trucks
36,UP16AB1234,5,40,2025-06-05T23:59:59+00:00,77.42102531,28.49391465,80,Biomedical Garbage Trucks
37,UP16AB1234,5,40,2025-06-06T23:59:59+00:00,77.4221487,28.49318013,80,Biomedical Garbage Trucks
38,UP16AB1234,5,40,2025-06-07T23:59:59+00:00,77.42305606,28.49259683,80,Biomedical Garbage Trucks
39,UP16AB1234,5,40,2025-06-08T23:59:59+00:00,77.42411464,28.49173268,80,Biomedical Garbage Trucks
40,UP16AB1234,5,40,2025-06-09T23:59:59+00:00,77.42487077,28.49093334,80,Biomedical Garbage Trucks
41,UP16AB1234,5,40,2025-06-10T23:59:59+00:00,77.4273457,28.48897847,80,Biomedical Garbage Trucks
42,UP16AB1234,5,40,2025-06-11T23:59:59+00:00,77.42916865,28.48807194,80,Biomedical Garbage Trucks
43,UP16AB1234,5,40,2025-06-12T23:59:59+00:00,77.43043449,28.48706982,80,Biomedical Garbage Trucks
44,UP16AB1234,5,40,2025-06-13T23:59:59+00:00,77.43270246,28.48569849,80,Biomedical Garbage Trucks
45,UP16AB1234,5,40,2025-06-14T23:59:59+00:00,77.43460123,28.48406344,80,Biomedical Garbage Trucks
46,UP16AB1234,5,40,2025-06-15T23:59:59+00:00,77.43613079,28.48300857,80,Biomedical Garbage Trucks
47,UP16AB1234,5,40,2025-06-16T23:59:59+00:00,77.4376857,28.4816979,80,Biomedical Garbage Trucks
48,UP16AB1234,5,40,2025-06-17T23:59:59+00:00,77.43924265,28.48058237,80,Biomedical Garbage Trucks
49,UP16AB1234,5,40,2025-06-18T23:59:59+00:00,77.44119416,28.47900006,80,Biomedical Garbage Trucks
50,UP16AB1234,5,40,2025-06-19T23:59:59+00:00,77.4419652,28.4777742,80,Biomedical Garbage Trucks
51,UP16AB1234,5,40,2025-06-20T23:59:59+00:00,77.44383134,28.47678484,80,Biomedical Garbage Trucks
52,UP16AB1234,5,40,2025-06-21T23:59:59+00:00,77.444517,28.47620466,80,Biomedical Garbage Trucks
53,UP16AB1234,5,40,2025-06-22T23:59:59+00:00,77.4453609,28.47525528,80,Biomedical Garbage Trucks
54,UP16AB1234,5,40,2025-06-23T23:59:59+00:00,77.44631028,28.47414766,80,Biomedical Garbage Trucks
55,UP16AB1234,5,40,2025-06-24T23:59:59+00:00,77.44731241,28.47325102,80,Biomedical Garbage Trucks
56,UP16AB1234,5,40,2025-06-25T23:59:59+00:00,77.44826179,28.47256536,80,Biomedical Garbage Trucks
57,UP16AB1234,5,45,2025-06-26T23:59:59+00:00,77.44952763,28.47182695,80,Biomedical Garbage Trucks
58,UP16AB1234,5,45,2025-06-27T23:59:59+00:00,77.45026604,28.47098305,80,Biomedical Garbage Trucks
59,UP16AB1234,5,45,2025-06-28T23:59:59+00:00,77.45184835,28.46998093,80,Biomedical Garbage Trucks
60,UP16AB1234,5,45,2025-06-29T23:59:59+00:00,77.4542218,28.46892606,80,Biomedical Garbage Trucks
61,UP16AB1234,5,45,2025-06-30T23:59:59+00:00,77.45601508,28.4673965,80,Biomedical Garbage Trucks
62,UP16AB1234,5,45,2025-07-01T23:59:59+00:00,77.45743915,28.46607791,80,Biomedical Garbage Trucks
63,UP16AB1234,5,45,2025-07-02T23:59:59+00:00,77.45928518,28.46486481,80,Biomedical Garbage Trucks
64,UP16AB1234,5,45,2025-07-03T23:59:59+00:00,77.46076199,28.46312428,80,Biomedical Garbage Trucks
65,UP16AB1234,5,45,2025-07-04T23:59:59+00:00,77.46223881,28.46191118,80,Biomedical Garbage Trucks
66,UP16AB1234,5,45,2025-07-05T23:59:59+00:00,77.46324094,28.46090905,80,Biomedical Garbage Trucks
67,UP16AB1234,5,50,2025-07-06T23:59:59+00:00,77.46471775,28.45932675,80,Biomedical Garbage Trucks
68,UP16AB1234,5,50,2025-07-07T23:59:59+00:00,77.46624732,28.45848285,80,Biomedical Garbage Trucks
69,UP16AB1234,5,50,2025-07-08T23:59:59+00:00,77.46735493,28.45742798,80,Biomedical Garbage Trucks
70,UP16AB1234,5,50,2025-07-09T23:59:59+00:00,77.46867352,28.45589842,80,Biomedical Garbage Trucks
71,UP16AB1234,5,50,2025-07-10T23:59:59+00:00,77.46960764,28.45488052,80,Biomedical Garbage Trucks
72,UP16AB1234,5,50,2025-07-11T23:59:59+00:00,77.4717718,28.4513759,80,Biomedical Garbage Trucks
73,UP16AB1234,5,50,2025-07-12T23:59:59+00:00,77.4753304,28.4490571,80,Biomedical Garbage Trucks
74,UP16AB1234,5,50,2025-07-13T23:59:59+00:00,77.47786407,28.44661886,80,Biomedical Garbage Trucks
75,UP16AB1234,5,50,2025-07-14T23:59:59+00:00,77.48017159,28.44472339,80,Biomedical Garbage Trucks
76,UP16AB1234,5,50,2025-07-15T23:59:59+00:00,77.48289118,28.44431134,80,Biomedical Garbage Trucks
77,UP16GW2979,2,80,2025-07-16T23:59:59+00:00,77.4195721,28.5365459,100,Electric Garbage Vans
78,UP16GW2979,2,80,2025-07-17T23:59:59+00:00,77.41808353,28.53626608,100,Electric Garbage Vans
79,UP16GW2979,2,60,2025-07-18T23:59:59+00:00,77.41682575,28.53629841,100,Electric Garbage Vans
80,UP16GW2979,2,60,2025-07-19T23:59:59+00:00,77.41561169,28.53605001,100,Electric Garbage Vans
81,UP16GW2979,2,60,2025-07-20T23:59:59+00:00,77.413757,28.53592716,100,Electric Garbage Vans
82,UP16GW2979,2,60,2025-07-21T23:59:59+00:00,77.41237302,28.53569086,100,Electric Garbage Vans
83,UP16GW2979,2,60,2025-07-22T23:59:59+00:00,77.41061771,28.53565711,100,Electric Garbage Vans
84,UP16GW2979,2,60,2025-07-23T23:59:59+00:00,77.40859236,28.53535331,100,Electric Garbage Vans
85,UP16GW2979,2,60,2025-07-24T23:59:59+00:00,77.40660077,28.53525204,100,Electric Garbage Vans
86,UP16GW2979,2,60,2025-07-25T23:59:59+00:00,77.40568936,28.53515077,100,Electric Garbage Vans
87,UP16GW2979,2,60,2025-07-26T23:59:59+00:00,77.40423786,28.53498199,100,Electric Garbage Vans
88,UP16GW2979,2,60,2025-07-27T23:59:59+00:00,77.40336021,28.53498199,100,Electric Garbage Vans
89,UP16GW2979,2,60,2025-07-28T23:59:59+00:00,77.4018412,28.53491448,100,Electric Garbage Vans
90,UP16GW2979,2,60,2025-07-29T23:59:59+00:00,77.40076101,28.53484697,100,Electric Garbage Vans
91,UP16GW2979,2,80,2025-07-30T23:59:59+00:00,77.39907322,28.53467819,100,Electric Garbage Vans
92,UP16GW2979,2,80,2025-07-31T23:59:59+00:00,77.3978354,28.5346686,100,Electric Garbage Vans
93,UP16GW2979,2,80,2025-08-01T23:59:59+00:00,77.39657529,28.5341381,100,Electric Garbage Vans
94,UP16GW2979,2,80,2025-08-02T23:59:59+00:00,77.39494,28.5337958,100,Electric Garbage Vans
95,UP16GW2979,2,80,2025-08-03T23:59:59+00:00,77.39458369,28.53477946,100,Electric Garbage Vans
96,UP16GW2979,2,80,2025-08-04T23:59:59+00:00,77.3946405,28.536571,100,Electric Garbage Vans
97,UP16GW2979,2,80,2025-08-05T23:59:59+00:00,77.39458369,28.53852635,100,Electric Garbage Vans
98,UP16GW2979,2,80,2025-08-06T23:59:59+00:00,77.3943338,28.5401695,100,Electric Garbage Vans
99,UP16GW2979,2,80,2025-08-07T23:59:59+00:00,77.3937398,28.54129433,100,Electric Garbage Vans
100,UP16GW2979,2,80,2025-08-08T23:59:59+00:00,77.3926628,28.5425587,100,Electric Garbage Vans
101,UP16GW2979,2,40,2025-08-09T23:59:59+00:00,77.39215327,28.54409607,100,Electric Garbage Vans
102,UP16GW2979,2,40,2025-08-10T23:59:59+00:00,77.39225454,28.5451425,100,Electric Garbage Vans
103,UP16GW2979,2,40,2025-08-11T23:59:59+00:00,77.39286215,28.5460539,100,Electric Garbage Vans
104,UP16GW2979,2,40,2025-08-12T23:59:59+00:00,77.3927862,28.5465656,100,Electric Garbage Vans
105,UP16GW2979,2,40,2025-08-13T23:59:59+00:00,77.39326722,28.5475054,100,Electric Garbage Vans
106,UP16GW2979,2,40,2025-08-14T23:59:59+00:00,77.39448243,28.54824803,100,Electric Garbage Vans
107,UP16GW2979,2,40,2025-08-15T23:59:59+00:00,77.39576515,28.54801174,100,Electric Garbage Vans
108,UP16GW2979,2,40,2025-08-16T23:59:59+00:00,77.3964306,28.5480085,100,Electric Garbage Vans
109,UP16GW2979,2,40,2025-08-17T23:59:59+00:00,77.39718289,28.5480455,100,Electric Garbage Vans
110,UP16GW2979,2,40,2025-08-18T23:59:59+00:00,77.39785801,28.54838306,100,Electric Garbage Vans
111,UP16GW2979,2,40,2025-08-19T23:59:59+00:00,77.39822932,28.54926071,100,Electric Garbage Vans
112,UP16GW2979,2,80,2025-08-20T23:59:59+00:00,77.39856688,28.55054343,100,Electric Garbage Vans
113,UP16GW2979,2,80,2025-08-21T23:59:59+00:00,77.39900571,28.55172488,100,Electric Garbage Vans
114,UP16GW2979,2,80,2025-08-22T23:59:59+00:00,77.3994687,28.5528978,100,Electric Garbage Vans
115,UP16GW2979,2,80,2025-08-23T23:59:59+00:00,77.39968082,28.55408779,100,Electric Garbage Vans
116,UP16GW2979,2,80,2025-08-24T23:59:59+00:00,77.4002342,28.5550655,100,Electric Garbage Vans
117,UP16GW2979,2,80,2025-08-25T23:59:59+00:00,77.40079477,28.55547178,100,Electric Garbage Vans
118,UP16GW2979,2,80,2025-08-26T23:59:59+00:00,77.4019945,28.5562337,100,Electric Garbage Vans
119,UP16GW2979,2,80,2025-08-27T23:59:59+00:00,77.40288763,28.55567431,100,Electric Garbage Vans
120,UP16GW2979,2,55,2025-08-28T23:59:59+00:00,77.40403533,28.5549992,100,Electric Garbage Vans
121,UP16GW2979,2,55,2025-08-29T23:59:59+00:00,77.40548683,28.55429033,100,Electric Garbage Vans
122,UP16GW2979,2,55,2025-08-30T23:59:59+00:00,77.40670204,28.55425657,100,Electric Garbage Vans
123,UP16GW2979,2,55,2025-08-31T23:59:59+00:00,77.4073434,28.55553929,100,Electric Garbage Vans
124,UP16GW2979,2,55,2025-09-01T23:59:59+00:00,77.4073997,28.5565361,100,Electric Garbage Vans
125,UP16GW2979,2,55,2025-09-02T23:59:59+00:00,77.40612819,28.55753089,100,Electric Garbage Vans
126,UP16GW2979,2,55,2025-09-03T23:59:59+00:00,77.40457542,28.55813849,100,Electric Garbage Vans
127,UP16GW2979,2,55,2025-09-04T23:59:59+00:00,77.40234753,28.55874609,100,Electric Garbage Vans
128,UP16GW2979,2,55,2025-09-05T23:59:59+00:00,77.4008907,28.559309,100,Electric Garbage Vans
129,UP16GW2979,2,55,2025-09-06T23:59:59+00:00,77.39961331,28.56006257,100,Electric Garbage Vans
130,UP16GW2979,2,55,2025-09-07T23:59:59+00:00,77.3996043,28.5608037,100,Electric Garbage Vans
131,UP16GW2979,2,55,2025-09-08T23:59:59+00:00,77.40015341,28.5616491,100,Electric Garbage Vans
132,UP16GW2979,2,80,2025-09-09T23:59:59+00:00,77.4004545,28.5624766,100,Electric Garbage Vans
133,UP16GW2979,2,80,2025-09-10T23:59:59+00:00,77.40106481,28.56367445,100,Electric Garbage Vans
134,UP16GW2979,2,80,2025-09-11T23:59:59+00:00,77.4009973,28.56458585,100,Electric Garbage Vans
135,UP16GW2979,2,80,2025-09-12T23:59:59+00:00,77.40015447,28.56499883,100,Electric Garbage Vans
136,UP16GW2979,2,35,2025-09-13T23:59:59+00:00,77.39806054,28.56502468,100,Electric Garbage Vans
137,UP16GW2979,2,35,2025-09-14T23:59:59+00:00,77.39627149,28.56488966,100,Electric Garbage Vans
138,UP16GW2979,2,35,2025-09-15T23:59:59+00:00,77.39468967,28.56477474,100,Electric Garbage Vans
139,UP16GW2979,2,35,2025-09-16T23:59:59+00:00,77.39252459,28.56488966,100,Electric Garbage Vans
140,UP16GW2979,2,35,2025-09-17T23:59:59+00:00,77.39147816,28.56458585,100,Electric Garbage Vans
141,UP16GW2979,2,35,2025-09-18T23:59:59+00:00,77.38992539,28.56458585,100,Electric Garbage Vans
142,UP16GW2979,2,80,2025-09-19T23:59:59+00:00,77.38820384,28.56451834,100,Electric Garbage Vans
143,UP16GW2979,2,80,2025-09-20T23:59:59+00:00,77.38715741,28.56434956,100,Electric Garbage Vans
144,UP16GW2979,2,80,2025-09-21T23:59:59+00:00,77.38587469,28.56431581,100,Electric Garbage Vans
145,UP16GW2979,2,80,2025-09-22T23:59:59+00:00,77.38442319,28.56431581,100,Electric Garbage Vans
146,UP16GW2979,2,80,2025-09-23T23:59:59+00:00,77.38216155,28.56421454,100,Electric Garbage Vans
147,UP16GW2979,2,80,2025-09-24T23:59:59+00:00,77.38104761,28.56421454,100,Electric Garbage Vans
148,UP16GW2979,2,80,2025-09-25T23:59:59+00:00,77.37976489,28.56377571,100,Electric Garbage Vans
149,UP16GW2979,2,80,2025-09-26T23:59:59+00:00,77.38006869,28.56215543,100,Electric Garbage Vans
150,UP16GW2979,2,80,2025-09-27T23:59:59+00:00,77.38023747,28.56134529,100,Electric Garbage Vans
151,UP16GW2979,2,80,2025-09-28T23:59:59+00:00,77.38000118,28.5601976,100,Electric Garbage Vans
152,UP16GW2979,2,80,2025-09-29T23:59:59+00:00,77.38000118,28.55945497,100,Electric Garbage Vans
153,UP16GW2979,2,80,2025-07-16T23:59:59+00:00,77.37979864,28.55840854,100,Electric Garbage Vans
154,UP16GW2979,2,80,2025-07-17T23:59:59+00:00,77.37875221,28.55746337,100,Electric Garbage Vans
155,UP16GW2979,2,80,2025-07-18T23:59:59+00:00,77.3778507,28.55591,100,Electric Garbage Vans
156,UP16GW2979,2,80,2025-07-19T23:59:59+00:00,77.37699691,28.55459413,100,Electric Garbage Vans
157,UP16GW2979,2,80,2025-07-20T23:59:59+00:00,77.3761422,28.5530214,100,Electric Garbage Vans
158,UP16GW2979,2,80,2025-07-21T23:59:59+00:00,77.37605175,28.55135357,100,Electric Garbage Vans
159,UP16GW2979,2,80,2025-07-22T23:59:59+00:00,77.3757109,28.5499079,100,Electric Garbage Vans
160,UP16GW2979,2,80,2025-07-23T23:59:59+00:00,77.37520785,28.5483493,100,Electric Garbage Vans
161,UP16GW2979,2,80,2025-07-24T23:59:59+00:00,77.37476902,28.54662775,100,Electric Garbage Vans
162,UP16GW2979,2,80,2025-07-25T23:59:59+00:00,77.37439771,28.54521001,100,Electric Garbage Vans
163,UP16GW2979,2,80,2025-07-26T23:59:59+00:00,77.3734863,28.54446738,100,Electric Garbage Vans
164,UP16GW2979,2,80,2025-07-27T23:59:59+00:00,77.3730421,28.5439567,100,Electric Garbage Vans
165,UP16GW2979,2,64,2025-07-28T23:59:59+00:00,77.37186602,28.54321841,100,Electric Garbage Vans
166,UP16GW2979,2,64,2025-07-29T23:59:59+00:00,77.37081959,28.54277959,100,Electric Garbage Vans
167,UP16GW2979,2,64,2025-07-30T23:59:59+00:00,77.3697691,28.5421718,100,Electric Garbage Vans
168,UP16GW2979,2,64,2025-07-31T23:59:59+00:00,77.36876049,28.54146311,100,Electric Garbage Vans
169,UP16GW2979,2,64,2025-08-01T23:59:59+00:00,77.36740485,28.54060031,100,Electric Garbage Vans
170,UP16GW2979,2,64,2025-08-02T23:59:59+00:00,77.36636787,28.54008182,100,Electric Garbage Vans
171,UP16GW2979,2,64,2025-08-03T23:59:59+00:00,77.36492042,28.53913126,100,Electric Garbage Vans
172,UP16GW2979,2,64,2025-08-04T23:59:59+00:00,77.36405627,28.53882881,100,Electric Garbage Vans
173,UP16GW2979,2,64,2025-08-05T23:59:59+00:00,77.3624792,28.53962814,100,Electric Garbage Vans
174,UP16GW2979,2,80,2025-08-06T23:59:59+00:00,77.36111817,28.54057871,100,Electric Garbage Vans
175,UP16GW2979,2,80,2025-08-07T23:59:59+00:00,77.36008119,28.54131324,100,Electric Garbage Vans
176,UP16GW2979,2,80,2025-08-08T23:59:59+00:00,77.359001,28.54161569,100,Electric Garbage Vans
177,UP16GW2979,2,80,2025-08-09T23:59:59+00:00,77.35863374,28.54209097,100,Electric Garbage Vans
178,UP16GW2979,2,80,2025-08-10T23:59:59+00:00,77.35789921,28.54235021,100,Electric Garbage Vans
179,UP16GW2979,2,80,2025-08-11T23:59:59+00:00,77.35735912,28.54299833,100,Electric Garbage Vans
180,UP16GW2979,2,80,2025-08-12T23:59:59+00:00,77.35690544,28.54325757,100,Electric Garbage Vans
181,UP16GW2979,2,80,2025-08-13T23:59:59+00:00,77.35563082,28.5439921,100,Electric Garbage Vans
182,UP16GW2979,2,80,2025-08-14T23:59:59+00:00,77.35489629,28.5445754,100,Electric Garbage Vans
183,UP16GW2979,2,30,2025-08-15T23:59:59+00:00,77.35426979,28.54474823,100,Electric Garbage Vans
184,UP16GW2979,2,30,2025-08-16T23:59:59+00:00,77.35351365,28.54505068,100,Electric Garbage Vans
185,UP16GW2979,2,30,2025-08-17T23:59:59+00:00,77.35406765,28.54581977,100,Electric Garbage Vans
186,UP16GW2979,2,30,2025-08-18T23:59:59+00:00,77.35485309,28.54673577,100,Electric Garbage Vans
187,UP16GW2979,2,30,2025-08-19T23:59:59+00:00,77.35519875,28.54731907,100,Electric Garbage Vans
188,UP16GW2979,2,30,2025-08-20T23:59:59+00:00,77.35468026,28.54792398,100,Electric Garbage Vans
189,UP16GW2979,2,30,2025-08-21T23:59:59+00:00,77.35338403,28.5486369,100,Electric Garbage Vans
190,UP16GW2979,2,30,2025-08-22T23:59:59+00:00,77.35277913,28.54824803,100,Electric Garbage Vans
191,UP16GW2979,2,30,2025-08-23T23:59:59+00:00,77.35178536,28.54742709,100,Electric Garbage Vans
192,UP16GW2979,2,30,2025-08-24T23:59:59+00:00,77.3514946,28.5464962,100,Electric Garbage Vans
193,UP16GW2979,2,30,2025-08-25T23:59:59+00:00,77.35053234,28.54699502,100,Electric Garbage Vans
194,UP16GW2979,2,60,2025-08-26T23:59:59+00:00,77.34977621,28.54731907,100,Electric Garbage Vans
195,UP16GW2979,2,60,2025-08-27T23:59:59+00:00,77.34908489,28.5474703,100,Electric Garbage Vans
196,UP16GW2979,2,60,2025-08-28T23:59:59+00:00,77.34816773,28.54768289,100,Electric Garbage Vans
197,UP16RE2346,1,60,2025-08-29T23:59:59+00:00,77.40410284,28.59857797,120,Garbage Tipper Trucks
198,UP16RE2346,1,60,2025-08-30T23:59:59+00:00,77.40285387,28.59810539,120,Garbage Tipper Trucks
199,UP16RE2346,1,60,2025-08-31T23:59:59+00:00,77.40005214,28.5975653,120,Garbage Tipper Trucks
200,UP16RE2346,1,40,2025-09-01T23:59:59+00:00,77.3982454,28.5972324,120,Garbage Tipper Trucks
201,UP16RE2346,1,40,2025-09-02T23:59:59+00:00,77.39735167,28.59658638,120,Garbage Tipper Trucks
202,UP16RE2346,1,40,2025-09-03T23:59:59+00:00,77.39529257,28.59624882,120,Garbage Tipper Trucks
203,UP16RE2346,1,40,2025-09-04T23:59:59+00:00,77.39314365,28.59563054,120,Garbage Tipper Trucks
204,UP16RE2346,1,40,2025-09-05T23:59:59+00:00,77.39222079,28.59523614,120,Garbage Tipper Trucks
205,UP16RE2346,1,40,2025-09-06T23:59:59+00:00,77.39073553,28.59513488,120,Garbage Tipper Trucks
206,UP16RE2346,1,40,2025-09-07T23:59:59+00:00,77.38948656,28.594426,120,Garbage Tipper Trucks
207,UP16RE2346,1,40,2025-09-08T23:59:59+00:00,77.38749497,28.59398718,120,Garbage Tipper Trucks
208,UP16RE2346,1,40,2025-09-09T23:59:59+00:00,77.38600971,28.59371713,120,Garbage Tipper Trucks
209,UP16RE2346,1,40,2025-09-10T23:59:59+00:00,77.38462573,28.59344708,120,Garbage Tipper Trucks
210,UP16RE2346,1,40,2025-09-11T23:59:59+00:00,77.38330925,28.59304201,120,Garbage Tipper Trucks
211,UP16RE2346,1,40,2025-09-12T23:59:59+00:00,77.38165521,28.59209685,120,Garbage Tipper Trucks
212,UP16RE2346,1,40,2025-09-13T23:59:59+00:00,77.3798324,28.59155676,120,Garbage Tipper Trucks
213,UP16RE2346,1,40,2025-09-14T23:59:59+00:00,77.37854968,28.59071286,120,Garbage Tipper Trucks
214,UP16RE2346,1,40,2025-09-15T23:59:59+00:00,77.37649057,28.58966643,120,Garbage Tipper Trucks
215,UP16RE2346,1,60,2025-09-16T23:59:59+00:00,77.37510658,28.5889238,120,Garbage Tipper Trucks
216,UP16RE2346,1,60,2025-09-17T23:59:59+00:00,77.37392513,28.58784362,120,Garbage Tipper Trucks
217,UP16RE2346,1,60,2025-09-18T23:59:59+00:00,77.37250738,28.58733728,120,Garbage Tipper Trucks
218,UP16RE2346,1,60,2025-09-19T23:59:59+00:00,77.37085335,28.58591954,120,Garbage Tipper Trucks
219,UP16RE2346,1,60,2025-09-20T23:59:59+00:00,77.36946936,28.58477184,120,Garbage Tipper Trucks
220,UP16RE2346,1,60,2025-09-21T23:59:59+00:00,77.36835542,28.58413048,120,Garbage Tipper Trucks
221,UP16RE2346,1,60,2025-09-22T23:59:59+00:00,77.36697143,28.58294902,120,Garbage Tipper Trucks
222,UP16RE2346,1,60,2025-09-23T23:59:59+00:00,77.3657231,28.5830775,120,Garbage Tipper Trucks
223,UP16RE2346,1,60,2025-09-24T23:59:59+00:00,77.36474354,28.5842655,120,Garbage Tipper Trucks
224,UP16RE2346,1,60,2025-09-25T23:59:59+00:00,77.36413594,28.58477184,120,Garbage Tipper Trucks
225,UP16RE2346,1,60,2025-09-26T23:59:59+00:00,77.36308951,28.58588578,120,Garbage Tipper Trucks
226,UP16RE2346,1,60,2025-09-27T23:59:59+00:00,77.36227937,28.58659465,120,Garbage Tipper Trucks
227,UP16RE2346,1,60,2025-09-28T23:59:59+00:00,77.36163801,28.58730352,120,Garbage Tipper Trucks
228,UP16RE2346,1,60,2025-09-29T23:59:59+00:00,77.36082787,28.58818118,120,Garbage Tipper Trucks
229,UP16RE2346,1,60,2025-06-02T23:59:59+00:00,77.35978144,28.58949765,120,Garbage Tipper Trucks
230,UP16RE2346,1,55,2025-06-03T23:59:59+00:00,77.35907256,28.59030779,120,Garbage Tipper Trucks
231,UP16RE2346,1,55,2025-06-04T23:59:59+00:00,77.3581274,28.59128671,120,Garbage Tipper Trucks
232,UP16RE2346,1,55,2025-06-05T23:59:59+00:00,77.35724975,28.59189432,120,Garbage Tipper Trucks
233,UP16RE2346,1,55,2025-06-06T23:59:59+00:00,77.35650712,28.59246817,120,Garbage Tipper Trucks
234,UP16RE2346,1,55,2025-06-07T23:59:59+00:00,77.35576449,28.59331206,120,Garbage Tipper Trucks
235,UP16RE2346,1,55,2025-06-08T23:59:59+00:00,77.34985722,28.56198665,120,Garbage Tipper Trucks
236,UP16RE2346,1,55,2025-06-09T23:59:59+00:00,77.34945215,28.5634044,120,Garbage Tipper Trucks
237,UP16RE2346,1,55,2025-06-10T23:59:59+00:00,77.34914835,28.5645521,120,Garbage Tipper Trucks
238,UP16RE2346,1,55,2025-06-11T23:59:59+00:00,77.35009351,28.56451834,120,Garbage Tipper Trucks
239,UP16RE2346,1,55,2025-06-12T23:59:59+00:00,77.3514775,28.56526097,120,Garbage Tipper Trucks
240,UP16RE2346,1,60,2025-06-13T23:59:59+00:00,77.3523214,28.56573355,120,Garbage Tipper Trucks
241,UP16RE2346,1,60,2025-06-14T23:59:59+00:00,77.35367163,28.56711754,120,Garbage Tipper Trucks
242,UP16RE2346,1,60,2025-06-15T23:59:59+00:00,77.3549067,28.5677227,120,Garbage Tipper Trucks
243,UP16RE2346,1,60,2025-06-16T23:59:59+00:00,77.35583201,28.56887284,120,Garbage Tipper Trucks
244,UP16RE2346,1,60,2025-06-17T23:59:59+00:00,77.35711473,28.56924416,120,Garbage Tipper Trucks
245,UP16RE2346,1,60,2025-06-18T23:59:59+00:00,77.3585573,28.5703844,120,Garbage Tipper Trucks
246,UP16RE2346,1,60,2025-06-19T23:59:59+00:00,77.36001773,28.57160706,120,Garbage Tipper Trucks
247,UP16RE2346,1,60,2025-06-20T23:59:59+00:00,77.36096289,28.57099946,120,Garbage Tipper Trucks
248,UP16RE2346,1,70,2025-06-21T23:59:59+00:00,77.36150298,28.57022308,120,Garbage Tipper Trucks
249,UP16RE2346,1,70,2025-06-22T23:59:59+00:00,77.36241439,28.56954796,120,Garbage Tipper Trucks
250,UP16RE2346,1,70,2025-06-23T23:59:59+00:00,77.3632544,28.5680859,120,Garbage Tipper Trucks
251,UP16RE2346,1,70,2025-06-24T23:59:59+00:00,77.36430472,28.56694876,120,Garbage Tipper Trucks
252,UP16RE2346,1,70,2025-06-25T23:59:59+00:00,77.3654253,28.5656165,120,Garbage Tipper Trucks
253,UP16RE2346,1,70,2025-06-26T23:59:59+00:00,77.3111343,28.585727,120,Garbage Tipper Trucks
254,UP16RE2346,1,60,2025-06-27T23:59:59+00:00,77.3122891,28.58443428,120,Garbage Tipper Trucks
255,UP16RE2346,1,60,2025-06-28T23:59:59+00:00,77.3129237,28.5835851,120,Garbage Tipper Trucks
256,UP16RE2346,1,60,2025-06-29T23:59:59+00:00,77.31381866,28.582641,120,Garbage Tipper Trucks
257,UP16RE2346,1,60,2025-06-30T23:59:59+00:00,77.3147153,28.58148064,120,Garbage Tipper Trucks
258,UP16RE2346,1,60,2025-07-01T23:59:59+00:00,77.31566468,28.58063675,120,Garbage Tipper Trucks
259,UP16RE2346,1,60,2025-07-02T23:59:59+00:00,77.31703601,28.57931816,120,Garbage Tipper Trucks
260,UP16RE2346,1,80,2025-07-03T23:59:59+00:00,77.31798539,28.57857975,120,Garbage Tipper Trucks
261,UP16RE2346,1,80,2025-07-04T23:59:59+00:00,77.3187765,28.5775642,120,Garbage Tipper Trucks
262,UP16RE2346,1,80,2025-07-05T23:59:59+00:00,77.32146646,28.5790017,120,Garbage Tipper Trucks
263,UP16RE2346,1,80,2025-07-06T23:59:59+00:00,77.32020062,28.57842152,120,Garbage Tipper Trucks
264,UP16RE2346,1,80,2025-07-07T23:59:59+00:00,77.32273231,28.5802148,120,Garbage Tipper Trucks
265,UP16RE2346,1,80,2025-07-08T23:59:59+00:00,77.32489479,28.58148064,120,Garbage Tipper Trucks
266,UP16RE2346,1,60,2025-07-09T23:59:59+00:00,77.32689904,28.58290472,120,Garbage Tipper Trucks
267,UP16RE2346,1,60,2025-07-10T23:59:59+00:00,77.32784842,28.58359038,120,Garbage Tipper Trucks
268,UP16RE2346,1,60,2025-07-11T23:59:59+00:00,77.32990542,28.58554189,120,Garbage Tipper Trucks
269,UP16RE2346,1,60,2025-07-12T23:59:59+00:00,77.33175144,28.58654402,120,Garbage Tipper Trucks
270,UP16RE2346,1,60,2025-07-13T23:59:59+00:00,77.33333375,28.58786261,120,Garbage Tipper Trucks
271,UP16RE2346,1,60,2025-07-14T23:59:59+00:00,77.335338,28.5895504,120,Garbage Tipper Trucks
272,UP16RE2346,1,60,2025-07-15T23:59:59+00:00,77.33697305,28.59023606,120,Garbage Tipper Trucks
273,UP16RE2346,1,60,2025-07-16T23:59:59+00:00,77.33892456,28.59176562,120,Garbage Tipper Trucks
274,UP16RE2346,1,60,2025-07-17T23:59:59+00:00,77.34045412,28.59276775,120,Garbage Tipper Trucks
275,UP16RE2346,1,60,2025-07-18T23:59:59+00:00,77.34245837,28.59303147,120,Garbage Tipper Trucks
276,UP16RE2346,1,60,2025-07-19T23:59:59+00:00,77.34446262,28.59065801,120,Garbage Tipper Trucks
277,UP16RE2346,1,45,2025-07-20T23:59:59+00:00,77.34562298,28.58902296,120,Garbage Tipper Trucks
278,UP16RE2346,1,45,2025-07-21T23:59:59+00:00,77.34704705,28.58728243,120,Garbage Tipper Trucks
279,UP16RE2346,1,45,2025-07-22T23:59:59+00:00,77.34810192,28.58580561,120,Garbage Tipper Trucks
280,UP16RE2346,1,45,2025-07-23T23:59:59+00:00,77.34915679,28.58459251,120,Garbage Tipper Trucks
281,UP16RE2346,1,45,2025-07-24T23:59:59+00:00,77.3516567,28.5822178,120,Garbage Tipper Trucks
282,UP16RE2346,1,45,2025-07-25T23:59:59+00:00,77.3523679,28.5813562,120,Garbage Tipper Trucks
283,UP16RE2346,1,45,2025-07-26T23:59:59+00:00,77.35400919,28.57979285,120,Garbage Tipper Trucks
284,UP16RE2346,1,45,2025-07-27T23:59:59+00:00,77.35464211,28.57884347,120,Garbage Tipper Trucks
285,UP16RE2346,1,45,2025-07-28T23:59:59+00:00,77.3556679,28.5776199,120,Garbage Tipper Trucks
286,UP16RE2346,1,45,2025-07-29T23:59:59+00:00,77.35638265,28.57625904,120,Garbage Tipper Trucks
287,UP16RE2346,1,45,2025-07-30T23:59:59+00:00,77.3576194,28.5751105,120,Garbage Tipper Trucks
288,UP16RE2346,1,45,2025-07-31T23:59:59+00:00,77.35901982,28.57647001,120,Garbage Tipper Trucks
289,UP16RE2346,1,45,2025-08-01T23:59:59+00:00,77.36012743,28.5774194,120,Garbage Tipper Trucks
290,UP16RE2346,1,45,2025-08-02T23:59:59+00:00,77.36144602,28.57857975,120,Garbage Tipper Trucks
291,UP16RE2346,1,60,2025-08-03T23:59:59+00:00,77.36334479,28.57979285,120,Garbage Tipper Trucks
292,UP16RE2346,1,60,2025-08-04T23:59:59+00:00,77.36513806,28.58084772,120,Garbage Tipper Trucks
293,UP16RE2346,1,60,2025-08-05T23:59:59+00:00,77.36619293,28.58179711,120,Garbage Tipper Trucks
294,UP16HF1345,3,30,2025-08-06T23:59:59+00:00,77.3544893,28.611199,60,Mini Garbage Tipper Trucks
295,UP16HF1345,3,30,2025-08-07T23:59:59+00:00,77.35643539,28.61085876,60,Mini Garbage Tipper Trucks
296,UP16HF1345,3,30,2025-08-08T23:59:59+00:00,77.35880885,28.61033133,60,Mini Garbage Tipper Trucks
297,UP16HF1345,3,60,2025-08-09T23:59:59+00:00,77.3607484,28.6105398,60,Mini Garbage Tipper Trucks
298,UP16HF1345,3,60,2025-08-10T23:59:59+00:00,77.36455789,28.61064779,60,Mini Garbage Tipper Trucks
299,UP16HF1345,3,60,2025-08-11T23:59:59+00:00,77.36798621,28.61022584,60,Mini Garbage Tipper Trucks
300,UP16HF1345,3,60,2025-08-12T23:59:59+00:00,77.3708871,28.61022584,60,Mini Garbage Tipper Trucks
301,UP16HF1345,3,60,2025-08-13T23:59:59+00:00,77.37273313,28.61001487,60,Mini Garbage Tipper Trucks
302,UP16HF1345,3,60,2025-08-14T23:59:59+00:00,77.37315507,28.61143894,60,Mini Garbage Tipper Trucks
303,UP16HF1345,3,60,2025-08-15T23:59:59+00:00,77.37341879,28.61333771,60,Mini Garbage Tipper Trucks
304,UP16HF1345,3,60,2025-08-16T23:59:59+00:00,77.373788,28.61608037,60,Mini Garbage Tipper Trucks
305,UP16HF1345,3,60,2025-08-17T23:59:59+00:00,77.37389348,28.61877028,60,Mini Garbage Tipper Trucks
306,UP16HF1345,3,60,2025-08-18T23:59:59+00:00,77.37384074,28.61993064,60,Mini Garbage Tipper Trucks
307,UP16HF1345,3,60,2025-08-19T23:59:59+00:00,77.37394623,28.62103825,60,Mini Garbage Tipper Trucks
308,UP16HF1345,3,30,2025-08-20T23:59:59+00:00,77.37410446,28.62293702,60,Mini Garbage Tipper Trucks
309,UP16HF1345,3,30,2025-08-21T23:59:59+00:00,77.3745584,28.6246249,60,Mini Garbage Tipper Trucks
310,UP16HF1345,3,30,2025-08-22T23:59:59+00:00,77.3765665,28.6250151,60,Mini Garbage Tipper Trucks
311,UP16HF1345,3,30,2025-08-23T23:59:59+00:00,77.3781592,28.6245662,60,Mini Garbage Tipper Trucks
312,UP16HF1345,3,30,2025-08-24T23:59:59+00:00,77.3803264,28.6247569,60,Mini Garbage Tipper Trucks
313,UP16HF1345,3,30,2025-08-25T23:59:59+00:00,77.3805511,28.6269378,60,Mini Garbage Tipper Trucks
314,UP16HF1345,3,30,2025-08-26T23:59:59+00:00,77.38085562,28.62905526,60,Mini Garbage Tipper Trucks
315,UP16HF1345,3,30,2025-08-27T23:59:59+00:00,77.3808282,28.6298015,60,Mini Garbage Tipper Trucks
316,UP16HF1345,3,65,2025-08-28T23:59:59+00:00,77.37758553,28.63005739,60,Mini Garbage Tipper Trucks
317,UP16HF1345,3,65,2025-08-29T23:59:59+00:00,77.3755025,28.630144,60,Mini Garbage Tipper Trucks
318,UP16HF1345,3,65,2025-08-30T23:59:59+00:00,77.3743322,28.6302223,60,Mini Garbage Tipper Trucks
319,UP16HF1345,3,65,2025-08-31T23:59:59+00:00,77.37457951,28.63130067,60,Mini Garbage Tipper Trucks
320,UP16HF1345,3,65,2025-09-01T23:59:59+00:00,77.37283861,28.63153421,60,Mini Garbage Tipper Trucks
321,UP16HF1345,3,65,2025-09-02T23:59:59+00:00,77.37188923,28.63158695,60,Mini Garbage Tipper Trucks
322,UP16HF1345,3,65,2025-09-03T23:59:59+00:00,77.36977949,28.63158695,60,Mini Garbage Tipper Trucks
323,UP16HF1345,3,65,2025-09-04T23:59:59+00:00,77.36782798,28.63158695,60,Mini Garbage Tipper Trucks
324,UP16HF1345,3,65,2025-09-05T23:59:59+00:00,77.36592922,28.63158695,60,Mini Garbage Tipper Trucks
325,UP16HF1345,3,65,2025-09-06T23:59:59+00:00,77.36476886,28.63169244,60,Mini Garbage Tipper Trucks
326,UP16HF1345,3,65,2025-09-07T23:59:59+00:00,77.36329204,28.63158695,60,Mini Garbage Tipper Trucks
327,UP16HF1345,3,65,2025-09-08T23:59:59+00:00,77.36170974,28.63163969,60,Mini Garbage Tipper Trucks
328,UP16HF1345,3,30,2025-09-09T23:59:59+00:00,77.3596,28.63174518,60,Mini Garbage Tipper Trucks
329,UP16HF1345,3,30,2025-09-10T23:59:59+00:00,77.35696283,28.63174518,60,Mini Garbage Tipper Trucks
330,UP16HF1345,3,30,2025-09-11T23:59:59+00:00,77.35538052,28.63190341,60,Mini Garbage Tipper Trucks
331,UP16HF1345,3,30,2025-09-12T23:59:59+00:00,77.35527503,28.63026836,60,Mini Garbage Tipper Trucks
332,UP16HF1345,3,30,2025-09-13T23:59:59+00:00,77.35532778,28.62789491,60,Mini Garbage Tipper Trucks
333,UP16HF1345,3,30,2025-09-14T23:59:59+00:00,77.35527503,28.62641809,60,Mini Garbage Tipper Trucks
334,UP16HF1345,3,30,2025-09-15T23:59:59+00:00,77.3551987,28.62422457,60,Mini Garbage Tipper Trucks
335,UP16HF1345,3,30,2025-09-16T23:59:59+00:00,77.3544341,28.6258498,60,Mini Garbage Tipper Trucks
336,UP16HF1345,3,30,2025-09-17T23:59:59+00:00,77.3528697,28.6255078,60,Mini Garbage Tipper Trucks
337,UP16HF1345,3,30,2025-09-18T23:59:59+00:00,77.35274335,28.62462481,60,Mini Garbage Tipper Trucks
338,UP16HF1345,3,30,2025-09-19T23:59:59+00:00,77.35219583,28.62375307,60,Mini Garbage Tipper Trucks
339,UP16HF1345,3,30,2025-09-20T23:59:59+00:00,77.35221743,28.62293212,60,Mini Garbage Tipper Trucks
340,UP16HF1345,3,30,2025-09-21T23:59:59+00:00,77.35197979,28.62258646,60,Mini Garbage Tipper Trucks
341,UP16HF1345,3,30,2025-09-22T23:59:59+00:00,77.35135328,28.62260807,60,Mini Garbage Tipper Trucks
342,UP16HF1345,3,30,2025-09-23T23:59:59+00:00,77.35100762,28.62262967,60,Mini Garbage Tipper Trucks
343,UP16HF1345,3,30,2025-09-24T23:59:59+00:00,77.35070517,28.62234882,60,Mini Garbage Tipper Trucks
344,UP16HF1345,3,30,2025-09-25T23:59:59+00:00,77.35070517,28.62198156,60,Mini Garbage Tipper Trucks
345,UP16HF1345,3,40,2025-09-26T23:59:59+00:00,77.35018668,28.62170071,60,Mini Garbage Tipper Trucks
346,UP16HF1345,3,40,2025-09-27T23:59:59+00:00,77.34968979,28.62208958,60,Mini Garbage Tipper Trucks
347,UP16HF1345,3,40,2025-09-28T23:59:59+00:00,77.34921451,28.62228401,60,Mini Garbage Tipper Trucks
348,UP16HF1345,3,40,2025-09-29T23:59:59+00:00,77.3485448,28.62250005,60,Mini Garbage Tipper Trucks
349,UP16HF1345,3,40,2025-05-18T23:59:59+00:00,77.34789669,28.6227809,60,Mini Garbage Tipper Trucks
350,UP16HF1345,3,40,2025-05-19T23:59:59+00:00,77.3474214,28.62293212,60,Mini Garbage Tipper Trucks
351,UP16HF1345,3,40,2025-05-20T23:59:59+00:00,77.34703254,28.62304014,60,Mini Garbage Tipper Trucks
352,UP16HF1345,3,40,2025-05-21T23:59:59+00:00,77.34675169,28.62325618,60,Mini Garbage Tipper Trucks
353,UP16HF1345,3,40,2025-05-22T23:59:59+00:00,77.34752942,28.6239259,60,Mini Garbage Tipper Trucks
354,UP16HF1345,3,40,2025-05-23T23:59:59+00:00,77.3482078,28.624321,60,Mini Garbage Tipper Trucks
355,UP16HF1345,3,40,2025-05-24T23:59:59+00:00,77.3484628,28.6250409,60,Mini Garbage Tipper Trucks
356,UP16HF1345,3,30,2025-05-25T23:59:59+00:00,77.34860961,28.6256974,60,Mini Garbage Tipper Trucks
357,UP16HF1345,3,30,2025-05-26T23:59:59+00:00,77.34878244,28.62606467,60,Mini Garbage Tipper Trucks
358,UP16HF1345,3,30,2025-05-27T23:59:59+00:00,77.3483733,28.6260515,60,Mini Garbage Tipper Trucks
359,UP16HF1345,3,30,2025-05-28T23:59:59+00:00,77.34772386,28.62608627,60,Mini Garbage Tipper Trucks
360,UP16HF1345,3,30,2025-05-29T23:59:59+00:00,77.34718376,28.62571901,60,Mini Garbage Tipper Trucks
361,UP16HF1345,3,30,2025-05-30T23:59:59+00:00,77.3467326,28.6254491,60,Mini Garbage Tipper Trucks
362,UP16HF1345,3,30,2025-05-31T23:59:59+00:00,77.34612518,28.62502769,60,Mini Garbage Tipper Trucks
363,UP16HF1345,3,30,2025-06-01T23:59:59+00:00,77.34584433,28.62463882,60,Mini Garbage Tipper Trucks
364,UP16HF1345,3,30,2025-06-02T23:59:59+00:00,77.3453348,28.6240517,60,Mini Garbage Tipper Trucks
365,UP16HF1345,3,55,2025-06-03T23:59:59+00:00,77.34498018,28.62347222,60,Mini Garbage Tipper Trucks
366,UP16HF1345,3,55,2025-06-04T23:59:59+00:00,77.3442518,28.6228506,60,Mini Garbage Tipper Trucks
367,UP16HF1345,3,55,2025-06-05T23:59:59+00:00,77.34359754,28.6222192,60,Mini Garbage Tipper Trucks
368,UP16HF1345,3,55,2025-06-06T23:59:59+00:00,77.34320868,28.62189515,60,Mini Garbage Tipper Trucks
369,UP16HF1345,3,55,2025-06-07T23:59:59+00:00,77.34297103,28.62170071,60,Mini Garbage Tipper Trucks
370,UP16HF1345,3,55,2025-06-08T23:59:59+00:00,77.34258217,28.6216143,60,Mini Garbage Tipper Trucks
371,UP16HF1345,3,55,2025-06-09T23:59:59+00:00,77.3421933,28.62159269,60,Mini Garbage Tipper Trucks
372,UP16HF1345,3,55,2025-06-10T23:59:59+00:00,77.34150198,28.62174392,60,Mini Garbage Tipper Trucks
373,UP16HF1345,3,55,2025-06-11T23:59:59+00:00,77.34078906,28.62189515,60,Mini Garbage Tipper Trucks
374,UP16HF1345,3,55,2025-06-12T23:59:59+00:00,77.34040019,28.62198156,60,Mini Garbage Tipper Trucks
375,UP16HF1345,3,55,2025-06-13T23:59:59+00:00,77.34009774,28.62232722,60,Mini Garbage Tipper Trucks
376,UP16HF1345,3,55,2025-06-14T23:59:59+00:00,77.33979529,28.62306175,60,Mini Garbage Tipper Trucks
377,UP16HF1345,3,55,2025-06-15T23:59:59+00:00,77.33953604,28.62379627,60,Mini Garbage Tipper Trucks
378,UP16HF1345,3,55,2025-06-16T23:59:59+00:00,77.33940642,28.62416354,60,Mini Garbage Tipper Trucks
379,UP16UT3430,4,45,2025-06-17T23:59:59+00:00,77.3772992,28.5797421,200,Refuse Compactor Trucks
380,UP16UT3430,4,45,2025-06-18T23:59:59+00:00,77.3775109,28.5787827,200,Refuse Compactor Trucks
381,UP16UT3430,4,60,2025-06-19T23:59:59+00:00,77.37763827,28.57699745,200,Refuse Compactor Trucks
382,UP16UT3430,4,60,2025-06-20T23:59:59+00:00,77.37811296,28.57541514,200,Refuse Compactor Trucks
383,UP16UT3430,4,60,2025-06-21T23:59:59+00:00,77.37811296,28.5741493,200,Refuse Compactor Trucks
384,UP16UT3430,4,45,2025-06-22T23:59:59+00:00,77.37848216,28.57314717,200,Refuse Compactor Trucks
385,UP16UT3430,4,45,2025-06-23T23:59:59+00:00,77.37848216,28.57177584,200,Refuse Compactor Trucks
386,UP16UT3430,4,45,2025-06-24T23:59:59+00:00,77.3798535,28.57130115,200,Refuse Compactor Trucks
387,UP16UT3430,4,45,2025-06-25T23:59:59+00:00,77.38222695,28.57145938,200,Refuse Compactor Trucks
388,UP16UT3430,4,80,2025-06-26T23:59:59+00:00,77.38428395,28.5713539,200,Refuse Compactor Trucks
389,UP16UT3430,4,80,2025-06-27T23:59:59+00:00,77.38734307,28.57161761,200,Refuse Compactor Trucks
390,UP16UT3430,4,80,2025-06-28T23:59:59+00:00,77.38924183,28.57167036,200,Refuse Compactor Trucks
391,UP16UT3430,4,80,2025-06-29T23:59:59+00:00,77.39161529,28.57188133,200,Refuse Compactor Trucks
392,UP16UT3430,4,80,2025-06-30T23:59:59+00:00,77.39335583,28.57219779,200,Refuse Compactor Trucks
393,UP16UT3430,4,80,2025-07-01T23:59:59+00:00,77.39383052,28.57341089,200,Refuse Compactor Trucks
394,UP16UT3430,4,80,2025-07-02T23:59:59+00:00,77.39361954,28.57689196,200,Refuse Compactor Trucks
395,UP16UT3430,4,80,2025-07-03T23:59:59+00:00,77.3935668,28.57884347,200,Refuse Compactor Trucks
396,UP16UT3430,4,80,2025-07-04T23:59:59+00:00,77.3931976,28.58058401,200,Refuse Compactor Trucks
397,UP16UT3430,4,80,2025-07-05T23:59:59+00:00,77.3943219,28.58198,200,Refuse Compactor Trucks
398,UP16UT3430,4,80,2025-07-06T23:59:59+00:00,77.39541282,28.58311569,200,Refuse Compactor Trucks
399,UP16UT3430,4,80,2025-07-07T23:59:59+00:00,77.39789177,28.58364313,200,Refuse Compactor Trucks
400,UP16UT3430,4,80,2025-07-08T23:59:59+00:00,77.40021248,28.58422331,200,Refuse Compactor Trucks
401,UP16UT3430,4,80,2025-07-09T23:59:59+00:00,77.4020585,28.58432879,200,Refuse Compactor Trucks
402,UP16UT3430,4,80,2025-07-10T23:59:59+00:00,77.40511762,28.58538366,200,Refuse Compactor Trucks
403,UP16UT3430,4,80,2025-07-11T23:59:59+00:00,77.406067,28.58765163,200,Refuse Compactor Trucks
404,UP16UT3430,4,45,2025-07-12T23:59:59+00:00,77.40669993,28.58886473,200,Refuse Compactor Trucks
405,UP16UT3430,4,45,2025-07-13T23:59:59+00:00,77.40706913,28.59039429,200,Refuse Compactor Trucks
406,UP16UT3430,4,45,2025-07-14T23:59:59+00:00,77.40669993,28.59171288,200,Refuse Compactor Trucks
407,UP16UT3430,4,45,2025-07-26T23:59:59+00:00,77.40522329,28.59102347,200,Refuse Compactor Trucks
408,UP16UT3430,4,45,2025-07-27T23:59:59+00:00,77.40300788,28.59092173,200,Refuse Compactor Trucks
409,UP16UT3430,4,45,2025-07-28T23:59:59+00:00,77.399269,28.5898539,200,Refuse Compactor Trucks
410,UP16UT3430,4,60,2025-07-29T23:59:59+00:00,77.3980274,28.589618,200,Refuse Compactor Trucks
411,UP16UT3430,4,60,2025-07-30T23:59:59+00:00,77.39536008,28.58907571,200,Refuse Compactor Trucks
412,UP16UT3430,4,60,2025-07-31T23:59:59+00:00,77.39309211,28.5883373,200,Refuse Compactor Trucks
413,UP16UT3430,4,60,2025-08-01T23:59:59+00:00,77.39240644,28.58928668,200,Refuse Compactor Trucks
414,UP16UT3430,4,60,2025-08-02T23:59:59+00:00,77.3920459,28.5893876,200,Refuse Compactor Trucks
415,UP16UT3430,4,60,2025-08-03T23:59:59+00:00,77.39106094,28.58912229,200,Refuse Compactor Trucks
416,UP16UT3430,4,60,2025-08-04T23:59:59+00:00,77.39043443,28.58881984,200,Refuse Compactor Trucks
417,UP16UT3430,4,60,2025-08-05T23:59:59+00:00,77.38972151,28.5885822,200,Refuse Compactor Trucks
418,UP16UT3430,4,60,2025-08-06T23:59:59+00:00,77.38883575,28.58819333,200,Refuse Compactor Trucks
419,UP16UT3430,4,60,2025-08-07T23:59:59+00:00,77.38833887,28.58806371,200,Refuse Compactor Trucks
420,UP16UT3430,4,45,2025-08-08T23:59:59+00:00,77.38766495,28.58777233,200,Refuse Compactor Trucks
421,UP16UT3430,4,45,2025-08-09T23:59:59+00:00,77.38708585,28.58784767,200,Refuse Compactor Trucks
422,UP16UT3430,4,45,2025-08-10T23:59:59+00:00,77.3863642,28.5881087,200,Refuse Compactor Trucks
423,UP16UT3430,4,45,2025-08-11T23:59:59+00:00,77.38589764,28.58815012,200,Refuse Compactor Trucks
424,UP16UT3430,4,45,2025-08-12T23:59:59+00:00,77.3855977,28.5882008,200,Refuse Compactor Trucks
425,UP16UT3430,4,45,2025-08-13T23:59:59+00:00,77.38550878,28.58769644,200,Refuse Compactor Trucks
426,UP16UT3430,4,45,2025-08-14T23:59:59+00:00,77.38524953,28.58735078,200,Refuse Compactor Trucks
427,UP16UT3430,4,45,2025-08-15T23:59:59+00:00,77.38492548,28.58694031,200,Refuse Compactor Trucks
428,UP16UT3430,4,55,2025-08-16T23:59:59+00:00,77.38455821,28.58633541,200,Refuse Compactor Trucks
429,UP16UT3430,4,55,2025-08-17T23:59:59+00:00,77.38403972,28.58598975,200,Refuse Compactor Trucks
430,UP16UT3430,4,55,2025-08-18T23:59:59+00:00,77.38380208,28.58544965,200,Refuse Compactor Trucks
431,UP16UT3430,4,55,2025-08-19T23:59:59+00:00,77.38362925,28.58493116,200,Refuse Compactor Trucks
432,UP16UT3430,4,55,2025-08-20T23:59:59+00:00,77.38347803,28.58460711,200,Refuse Compactor Trucks
433,UP16UT3430,4,45,2025-08-21T23:59:59+00:00,77.38304595,28.5845423,200,Refuse Compactor Trucks
434,UP16AB1234,5,50,2025-08-22T23:59:59+00:00,77.48389317,28.4444573,80,Biomedical Garbage Trucks
435,UP16AB1234,5,50,2025-08-23T23:59:59+00:00,77.48455985,28.44483706,80,Biomedical Garbage Trucks
436,UP16AB1234,5,45,2025-08-24T23:59:59+00:00,77.48509994,28.44561344,80,Biomedical Garbage Trucks
437,UP16AB1234,5,45,2025-08-25T23:59:59+00:00,77.48440795,28.44633919,80,Biomedical Garbage Trucks
438,UP16AB1234,5,45,2025-08-26T23:59:59+00:00,77.48397756,28.44689616,80,Biomedical Garbage Trucks
439,UP16AB1234,5,45,2025-08-27T23:59:59+00:00,77.48492273,28.44742782,80,Biomedical Garbage Trucks
440,UP16AB1234,5,45,2025-08-28T23:59:59+00:00,77.48559784,28.4479004,80,Biomedical Garbage Trucks
441,UP16AB1234,5,45,2025-08-29T23:59:59+00:00,77.48600291,28.44840674,80,Biomedical Garbage Trucks
442,UP16AB1234,5,45,2025-08-30T23:59:59+00:00,77.48573287,28.44879493,80,Biomedical Garbage Trucks
443,UP16AB1234,5,45,2025-08-31T23:59:59+00:00,77.48510302,28.44941794,80,Biomedical Garbage Trucks
444,UP16AB1234,5,45,2025-09-01T23:59:59+00:00,77.48488897,28.44974009,80,Biomedical Garbage Trucks
445,UP16AB1234,5,70,2025-09-02T23:59:59+00:00,77.48443327,28.45020423,80,Biomedical Garbage Trucks
446,UP16AB1234,5,70,2025-09-03T23:59:59+00:00,77.48416322,28.45048272,80,Biomedical Garbage Trucks
447,UP16AB1234,5,70,2025-09-04T23:59:59+00:00,77.48385942,28.45086247,80,Biomedical Garbage Trucks
448,UP16AB1234,5,70,2025-09-05T23:59:59+00:00,77.48331089,28.45139413,80,Biomedical Garbage Trucks
449,UP16AB1234,5,70,2025-09-06T23:59:59+00:00,77.48299021,28.45179076,80,Biomedical Garbage Trucks
450,UP16AB1234,5,70,2025-09-07T23:59:59+00:00,77.48262733,28.45215363,80,Biomedical Garbage Trucks
451,UP16AB1234,5,70,2025-09-08T23:59:59+00:00,77.48240792,28.45232241,80,Biomedical Garbage Trucks
452,UP16AB1234,5,70,2025-09-09T23:59:59+00:00,77.48221382,28.45214519,80,Biomedical Garbage Trucks
453,UP16AB1234,5,70,2025-09-10T23:59:59+00:00,77.48199441,28.45170637,80,Biomedical Garbage Trucks
454,UP16AB1234,5,70,2025-09-11T23:59:59+00:00,77.48170748,28.45157978,80,Biomedical Garbage Trucks
455,UP16AB1234,5,70,2025-09-12T23:59:59+00:00,77.48140368,28.45146164,80,Biomedical Garbage Trucks
456,UP16AB1234,5,70,2025-09-13T23:59:59+00:00,77.48099861,28.45127598,80,Biomedical Garbage Trucks
457,UP16AB1234,5,55,2025-09-14T23:59:59+00:00,77.48071169,28.45113252,80,Biomedical Garbage Trucks
458,UP16AB1234,5,55,2025-09-15T23:59:59+00:00,77.48026442,28.45081184,80,Biomedical Garbage Trucks
459,UP16AB1234,5,55,2025-09-16T23:59:59+00:00,77.48023911,28.45056711,80,Biomedical Garbage Trucks
460,UP16AB1234,5,55,2025-09-17T23:59:59+00:00,77.48036569,28.45025487,80,Biomedical Garbage Trucks
461,UP16AB1234,5,55,2025-09-18T23:59:59+00:00,77.48027286,28.45007765,80,Biomedical Garbage Trucks
462,UP16AB1234,5,55,2025-09-19T23:59:59+00:00,77.48005345,28.4500017,80,Biomedical Garbage Trucks
463,UP16AB1234,5,65,2025-09-20T23:59:59+00:00,77.47991842,28.4498498,80,Biomedical Garbage Trucks
464,UP16AB1234,5,65,2025-09-21T23:59:59+00:00,77.47968213,28.44960507,80,Biomedical Garbage Trucks
465,UP16AB1234,5,65,2025-09-22T23:59:59+00:00,77.47929394,28.44925907,80,Biomedical Garbage Trucks
466,UP16AB1234,5,65,2025-09-23T23:59:59+00:00,77.47942897,28.44896371,80,Biomedical Garbage Trucks
467,UP16AB1234,5,65,2025-09-24T23:59:59+00:00,77.47914204,28.44875273,80,Biomedical Garbage Trucks
468,UP16RE2346,1,60,2025-09-25T23:59:59+00:00,77.40511515,28.59889506,120,Garbage Tipper Trucks
469,UP16RE2346,1,60,2025-09-26T23:59:59+00:00,77.40602168,28.59910109,120,Garbage Tipper Trucks
470,UP16RE2346,1,60,2025-09-27T23:59:59+00:00,77.40713424,28.5992041,120,Garbage Tipper Trucks
471,UP16RE2346,1,60,2025-09-28T23:59:59+00:00,77.40814378,28.59967797,120,Garbage Tipper Trucks
472,UP16RE2346,1,30,2025-09-29T23:59:59+00:00,77.40933875,28.59996641,120,Garbage Tipper Trucks
473,UP16RE2346,1,30,2025-09-30T23:59:59+00:00,77.41071914,28.60017244,120,Garbage Tipper Trucks
474,UP16RE2346,1,30,2025-10-01T23:59:59+00:00,77.41302667,28.60072872,120,Garbage Tipper Trucks
475,UP16RE2346,1,30,2025-10-02T23:59:59+00:00,77.41424224,28.60095535,120,Garbage Tipper Trucks
476,UP16RE2346,1,60,2025-10-03T23:59:59+00:00,77.41502516,28.60116138,120,Garbage Tipper Trucks
477,UP16RE2346,1,60,2025-10-04T23:59:59+00:00,77.41597289,28.60136741,120,Garbage Tipper Trucks
478,UP16RE2346,1,60,2025-10-05T23:59:59+00:00,77.41702364,28.60165585,120,Garbage Tipper Trucks
479,UP16HF1345,3,30,2025-06-17T23:59:59+00:00,77.33910937,28.62437417,60,Mini Garbage Tipper Trucks
480,UP16HF1345,3,30,2025-06-18T23:59:59+00:00,77.33883932,28.62459561,60,Mini Garbage Tipper Trucks
481,UP16HF1345,3,30,2025-06-19T23:59:59+00:00,77.33853147,28.62481165,60,Mini Garbage Tipper Trucks
482,UP16HF1345,3,30,2025-06-20T23:59:59+00:00,77.33844288,28.62487826,60,Mini Garbage Tipper Trucks
483,UP16HF1345,3,30,2025-06-21T23:59:59+00:00,77.3383197,28.62494763,60,Mini Garbage Tipper Trucks
484,UP16HF1345,3,30,2025-06-22T23:59:59+00:00,77.33820502,28.62501276,60,Mini Garbage Tipper Trucks
485,UP16HF1345,3,30,2025-06-23T23:59:59+00:00,77.33804645,28.62509912,60,Mini Garbage Tipper Trucks
486,UP16HF1345,3,30,2025-06-24T23:59:59+00:00,77.33809459,28.62515859,60,Mini Garbage Tipper Trucks
487,UP16HF1345,3,30,2025-06-25T23:59:59+00:00,77.33815547,28.6252308,60,Mini Garbage Tipper Trucks
488,UP16HF1345,3,30,2025-06-26T23:59:59+00:00,77.3382121,28.62528743,60,Mini Garbage Tipper Trucks
489,UP16HF1345,3,65,2025-06-27T23:59:59+00:00,77.33827156,28.62536247,60,Mini Garbage Tipper Trucks
490,UP16HF1345,3,65,2025-06-28T23:59:59+00:00,77.33836926,28.62546299,60,Mini Garbage Tipper Trucks
491,UP16HF1345,3,65,2025-06-29T23:59:59+00:00,77.33844005,28.62554511,60,Mini Garbage Tipper Trucks
492,UP16HF1345,3,65,2025-06-30T23:59:59+00:00,77.33850376,28.62563006,60,Mini Garbage Tipper Trucks
493,UP16HF1345,3,65,2025-07-01T23:59:59+00:00,77.33856889,28.62571359,60,Mini Garbage Tipper Trucks
494,UP16HF1345,3,65,2025-07-02T23:59:59+00:00,77.33865242,28.62566262,60,Mini Garbage Tipper Trucks
495,UP16HF1345,3,65,2025-07-03T23:59:59+00:00,77.33871755,28.62560457,60,Mini Garbage Tipper Trucks
496,UP16HF1345,3,65,2025-07-04T23:59:59+00:00,77.33878126,28.62555219,60,Mini Garbage Tipper Trucks
497,UP16HF1345,3,65,2025-07-05T23:59:59+00:00,77.33883931,28.62549839,60,Mini Garbage Tipper Trucks
498,UP16HF1345,3,65,2025-07-06T23:59:59+00:00,77.33888097,28.62552898,60,Mini Garbage Tipper Trucks
499,UP16HF1345,3,65,2025-07-07T23:59:59+00:00,77.33894833,28.62559466,60,Mini Garbage Tipper Trucks
500,UP16HF1345,3,65,2025-07-08T23:59:59+00:00,77.33901062,28.62567112,60,Mini Garbage Tipper Trucks
501,UP16HF1345,3,65,2025-07-09T23:59:59+00:00,77.33907333,28.62572596,60,Mini Garbage Tipper Trucks
502,UP16HF1345,3,65,2025-07-10T23:59:59+00:00,77.33912672,28.6257773,60,Mini Garbage Tipper Trucks
503,UP16HF1345,3,65,2025-07-11T23:59:59+00:00,77.33920034,28.62584951,60,Mini Garbage Tipper Trucks
504,UP16HF1345,3,65,2025-07-12T23:59:59+00:00,77.33929803,28.62594154,60,Mini Garbage Tipper Trucks
505,UP16HF1345,3,30,2025-07-13T23:59:59+00:00,77.3393306,28.62599251,60,Mini Garbage Tipper Trucks
506,UP16HF1345,3,30,2025-07-14T23:59:59+00:00,77.3394198,28.62605622,60,Mini Garbage Tipper Trucks
507,UP16HF1345,3,30,2025-07-15T23:59:59+00:00,77.33947926,28.62611002,60,Mini Garbage Tipper Trucks
508,UP16HF1345,3,30,2025-07-16T23:59:59+00:00,77.33940102,28.62618889,60,Mini Garbage Tipper Trucks
509,UP16HF1345,3,30,2025-07-17T23:59:59+00:00,77.33923359,28.62629691,60,Mini Garbage Tipper Trucks
510,UP16HF1345,3,30,2025-07-18T23:59:59+00:00,77.33947663,28.62647514,60,Mini Garbage Tipper Trucks
